"ADM1_PCODE","ADM1_EN","ADM2_PCODE","ADM2_EN","pop_total","pop_u5","n_communes"
"MG11","Analamanga","MG11101A","1er Arrondissement",95068.515625,11056.5234375,1
"MG11","Analamanga","MG11101B","2e Arrondissement",1042129.4296875,121200.251953125,5
"MG11","Analamanga","MG11102","Antananarivo Avaradrano",1291653.95446777,150220.104598999,16
"MG11","Analamanga","MG11103","Ambohidratrimo",953548.813720703,110908.99911499,25
"MG11","Analamanga","MG11104","Ankazobe",187320.408203125,21789.9841918945,15
"MG11","Analamanga","MG11106","Manjakandriana",140426.09173584,16338.9646263123,25
"MG11","Analamanga","MG11107","Anjozorobe",166653.074249268,19434.5676193237,19
"MG11","Analamanga","MG11115","Andramasina",158210.626220703,18436.9820556641,14
"MG11","Analamanga","MG11117","Antananarivo Atsimondrano",641105.086669922,74625.574005127,23
"MG12","Vakinankaratra","MG12108","Antsirabe I",51205.31640625,7675.82421875,1
"MG12","Vakinankaratra","MG12109","Betafo",251248.330566406,37665.7794799805,18
"MG12","Vakinankaratra","MG12110","Ambatolampy",232920.302978516,34912.7948608398,19
"MG12","Vakinankaratra","MG12114","Antanifotsy",322785.673828125,48367.2864379883,14
"MG12","Vakinankaratra","MG12116","Faratsiho",170048.323730469,25495.3704223633,9
"MG12","Vakinankaratra","MG12118","Antsirabe II",628063.579223633,94161.2034606934,20
"MG12","Vakinankaratra","MG12120","Mandoto",197070.620117188,29542.4110107422,9
"MG13","Itasy","MG13105","Arivonimamo",291642.771240234,45647.5565185547,23
"MG13","Itasy","MG13112","Miarinarivo",260569.547851562,40742.5487060547,14
"MG13","Itasy","MG13113","Soavinandriana",176510.584228516,27611.2393188477,16
"MG14","Bongolava","MG14111","Tsiroanomandidy",444695.797851562,58562.5754394531,20
"MG14","Bongolava","MG14119","Fenoarivobe",195405.579589844,25732.5124511719,10
"MG21","Haute Matsiatra","MG21201","Fianarantsoa I",54498.515625,9442.787109375,1
"MG21","Haute Matsiatra","MG21205","Ambalavao",217087.834472656,37616.8193359375,19
"MG21","Haute Matsiatra","MG21208","Ambohimahasoa",178496.783203125,30927.3723449707,18
"MG21","Haute Matsiatra","MG21219","Ikalamavony",155049.665527344,26864.5325927734,8
"MG21","Haute Matsiatra","MG21220","Lalangina",119662.189025879,20734.9418640137,16
"MG21","Haute Matsiatra","MG21224","Vohibato",373993.638671875,64800.706237793,16
"MG21","Haute Matsiatra","MG21225","Isandra",94618.5854492188,16394.2659912109,13
"MG22","Amoron I Mania","MG22202","Ambatofinandrahana",210358.71484375,32975.0029296875,9
"MG22","Amoron I Mania","MG22203","Ambositra",233817.229553223,36669.9526977539,25
"MG22","Amoron I Mania","MG22204","Fandriana",171145.254577637,26825.2477626801,15
"MG22","Amoron I Mania","MG22223","Manandriana",83027.0866699219,13016.7539672852,12
"MG23","Vatovavy","MG23206","Ifanadiana",161412.471191406,28850.7839660645,15
"MG23","Vatovavy","MG23207","Nosy-Varika",288221.044433594,51487.3087158203,19
"MG23","Vatovavy","MG23209","Mananjary",369366.101806641,66088.1610412598,31
"MG24","Ihorombe","MG24216","Ihosy",399897.291992188,70380.8151855469,20
"MG24","Ihorombe","MG24218","Ivohibe",100658.331542969,17715.0441894531,6
"MG24","Ihorombe","MG24221","Iakora",81615.7446289062,14362.8128662109,5
"MG25","Atsimo Atsinanana","MG25213","Farafangana",540881.0546875,105297.932495117,33
"MG25","Atsimo Atsinanana","MG25214","Vangaindrano",466044.044799805,90920.1185302734,32
"MG25","Atsimo Atsinanana","MG25215","Midongy-Atsimo",77265.4140625,15061.3563842773,7
"MG25","Atsimo Atsinanana","MG25217","Vondrozo",161184.870361328,31395.0280151367,18
"MG25","Atsimo Atsinanana","MG25222","Befotaka",122835.359375,23953.8333740234,9
"MG31","Atsinanana","MG31301","Toamasina I",30626.896484375,3648.40356445312,1
"MG31","Atsinanana","MG31306","Brickaville",162282.6484375,19336.0231933594,18
"MG31","Atsinanana","MG31307","Vatomandry",114641.672485352,13658.1189575195,20
"MG31","Atsinanana","MG31308","Mahanoro",196690.5390625,23459.9689941406,12
"MG31","Atsinanana","MG31309","Marolambo",141699.619140625,16914.4391784668,15
"MG31","Atsinanana","MG31310","Toamasina II",595492.225830078,70938.6992797852,18
"MG31","Atsinanana","MG31311","Antanambao Manampontsy",41800.64453125,4981.53619384766,6
"MG32","Analanjirofo","MG32302","Sainte Marie",40022.5078125,5460.1689453125,1
"MG32","Analanjirofo","MG32303","Maroantsetra",252679.968994141,34473.3533935547,20
"MG32","Analanjirofo","MG32304","Mananara-Avaratra",266460.086914062,36446.1582641602,16
"MG32","Analanjirofo","MG32305","Fenerive Est",336998.833496094,45941.5746459961,14
"MG32","Analanjirofo","MG32315","Vavatenina",153511.632324219,20917.3847961426,11
"MG32","Analanjirofo","MG32318","Soanierana Ivongo",162366.188476562,22160.7977905273,9
"MG33","Alaotra Mangoro","MG33312","Amparafaravola",317214.439941406,44816.2999267578,22
"MG33","Alaotra Mangoro","MG33313","Ambatondrazaka",363829.952514648,51445.1259765625,22
"MG33","Alaotra Mangoro","MG33314","Moramanga",285859.967163086,40378.8688354492,23
"MG33","Alaotra Mangoro","MG33316","Andilamena",117839.647705078,16667.7308044434,9
"MG33","Alaotra Mangoro","MG33317","Anosibe-An'ala",68101.5612792969,9624.79174804688,11
"MG35","Fitovinany","MG23210","Manakara Atsimo",474688.60333252,84932.7978668213,47
"MG35","Fitovinany","MG23211","Ikongo",397466.1875,71125.6284790039,17
"MG35","Fitovinany","MG23212","Vohipeno",195862.399108887,35066.6499176025,21
"MG41","Boeny","MG41401","Mahajanga I",94124.17578125,13972.3620605469,2
"MG41","Boeny","MG41403","Soalala",99545.904296875,14756.2486572266,4
"MG41","Boeny","MG41405","Ambato Boeni",395376.2265625,58692.8264160156,12
"MG41","Boeny","MG41406","Marovoay",239143.102294922,35499.8486938477,13
"MG41","Boeny","MG41407","Mitsinjo",56248.1147460938,8349.81048583984,7
"MG41","Boeny","MG41415","Mahajanga II",354314.66015625,52596.5365600586,9
"MG42","Sofia","MG42409","Port-Berge (Boriziny-Vaovao)",358008.791992188,52916.642578125,18
"MG42","Sofia","MG42410","Mandritsara",266676.944824219,39409.4710693359,29
"MG42","Sofia","MG42411","Analalava",203424.517089844,29964.3547973633,15
"MG42","Sofia","MG42412","Befandriana Nord",296413.256835938,43810.9984130859,14
"MG42","Sofia","MG42413","Antsohihy",144108.885986328,21300.3991088867,13
"MG42","Sofia","MG42414","Bealanana",181685.574707031,26853.1929931641,20
"MG42","Sofia","MG42423","Mampikony",189736.385742188,28045.7461547852,11
"MG43","Betsiboka","MG43404","Maevatanana",179864.826904297,27157.5063476562,19
"MG43","Betsiboka","MG43408","Tsaratanana",126522.650878906,19048.5815124512,12
"MG43","Betsiboka","MG43416","Kandreho",35786.1258544922,5361.50672912598,7
"MG44","Melaky","MG44402","Besalampy",128549.004882812,18145.8241577148,8
"MG44","Melaky","MG44417","Ambatomainty",39820.00390625,5618.69702148438,5
"MG44","Melaky","MG44420","Antsalova",102017.608398438,14398.5645751953,6
"MG44","Melaky","MG44421","Maintirano",210931.4140625,29769.0587463379,17
"MG44","Melaky","MG44422","Morafenobe",26381.326171875,3724.38784790039,4
"MG51","Atsimo Andrefana","MG51501","Toliary-I",28266.494140625,5487.439453125,1
"MG51","Atsimo Andrefana","MG51503","Beroroha",40750.288269043,7895.85330200195,9
"MG51","Atsimo Andrefana","MG51504","Morombe",120567.05078125,23394.2707519531,9
"MG51","Atsimo Andrefana","MG51505","Ankazoabo",75056.6514892578,14556.012878418,9
"MG51","Atsimo Andrefana","MG51506","Betioky Atsimo",206594.820739746,40106.727645874,30
"MG51","Atsimo Andrefana","MG51507","Ampanihy Ouest",434880.370117188,84423.7361450195,19
"MG51","Atsimo Andrefana","MG51512","Sakaraha",176977.693359375,34349.6551513672,12
"MG51","Atsimo Andrefana","MG51520","Toliary-II",539697.913330078,104772.79675293,26
"MG51","Atsimo Andrefana","MG51521","Benenitra",41938.8190917969,8133.04846191406,6
"MG52","Androy","MG52513","Beloha",165099.502929688,31016.7290039062,8
"MG52","Androy","MG52514","Tsihombe",183819.604003906,34532.9260253906,9
"MG52","Androy","MG52516","Ambovombe-Androy",407190.606445312,76213.1047363281,13
"MG52","Androy","MG52516a","Antanimora Sud",238767.903320312,44838.5240478516,8
"MG52","Androy","MG52518","Bekily",181812.968139648,34155.7766113281,20
"MG53","Anosy","MG53515","Taolagnaro",275876.975952148,45251.7952880859,29
"MG53","Anosy","MG53517","Betroka",235798.419799805,38710.9431762695,22
"MG53","Anosy","MG53519","Amboasary-Atsimo",246257.486572266,40428.4765014648,18
"MG54","Menabe","MG54502","Manja",73103.2333984375,10904.5645141602,7
"MG54","Menabe","MG54508","Morondava",202160.263183594,30032.5788574219,6
"MG54","Menabe","MG54509","Mahabo",174345.372070312,25900.4485473633,12
"MG54","Menabe","MG54510","Belo Sur Tsiribihina",320737.139160156,47645.5416259766,15
"MG54","Menabe","MG54511","Miandrivazo",188491.001586914,28003.1822662354,16
"MG71","Diana","MG71713","Antsiranana II",263089.930541992,32819.2677001953,23
"MG71","Diana","MG71715","Antsiranana I",35496.14453125,4427.76416015625,1
"MG71","Diana","MG71717","Ambilobe",304748.805664062,38017.1315307617,17
"MG71","Diana","MG71718","Nosy-Be",143240.249267578,17867.6871948242,5
"MG71","Diana","MG71719","Ambanja",263887.482299805,33013.2706756592,24
"MG72","Sava","MG72710","Antalaha",238849.342041016,34489.9400634766,18
"MG72","Sava","MG72711","Sambava",293070.639526367,42319.5174255371,28
"MG72","Sava","MG72712","Andapa",202501.090698242,29241.8117370605,21
"MG72","Sava","MG72716","Vohemar",352384.833007812,50874.0277099609,19
