"ADM3_PCODE","ADM3_EN","pop_u5","n_children","n_clusters"
"MG53519010","Amboasary Atsimo",5774.7333984375,27,2
"MG53519030","Behara",5406.96630859375,0,0
"MG53519050","Tanandava Sud",2466.70849609375,17,1
"MG53519070","Sampona",1309.75622558594,0,0
"MG53519090","Ifotaka",4269.439453125,0,0
"MG53519110","Tranomaro",2425.27197265625,13,1
"MG53519130","Maromby",1464.08447265625,0,0
"MG53519150","Elonty",1422.41394042969,0,0
"MG53519170","Esira",2041.63256835938,8,1
"MG53519190","Mahaly",2610.71557617188,12,1
"MG53519210","Manevy",1942.13745117188,0,0
"MG53519230","Tsivory",1459.7216796875,0,0
"MG53519250","Marotsiraka",1685.49548339844,11,1
"MG53519270","Tomboarivo",297.682525634766,0,0
"MG53519291","Ebelo",3415.64599609375,0,0
"MG53519292","Ranobe",858.36181640625,0,0
"MG53519050a","Berano",1105.52514648438,0,0
"MG53519090a","Mahabo",472.183990478516,12,1
"MG52516011","Ambovombe",20202.8515625,43,3
"MG52516012","Tsimananada",2054.11889648438,11,1
"MG52516013","Erada",4139.49169921875,0,0
"MG52516014","Anjeky Ankilikira",3867.17016601562,19,1
"MG52516031","Ambanisarika",7453.40576171875,8,1
"MG52516032","Analamary",3104.47387695312,0,0
"MG52516033","Ambohimalaza",4994.3662109375,0,0
"MG52516050","Ambonaivo",3255.76342773438,0,0
"MG52516071","Maroalomainty",2362.06762695312,0,0
"MG52516072","Maroalopoty",2372.62866210938,0,0
"MG52516091","Ambondro",7878.42724609375,11,1
"MG52516092","Ambazoa",3737.55249023438,0,0
"MG52516111","Sihanamaro",10790.787109375,8,1
"MG52516112","Marovato Befeno",3385.7353515625,0,0
"MG52516130","Antanimora Atsimo",8635.0751953125,22,2
"MG52516151","Andalatanosy",7243.29296875,7,1
"MG52516152","Ampamata",2133.38940429688,0,0
"MG52516170","Jafaro",9815.75,15,1
"MG52516190","Imanombo",8198.9140625,0,0
"MG52516130a","Andoharano",1710.85949707031,0,0
"MG52516170a","Andragnanivo",3715.50756835938,0,0
"MG51507030","Ankiliabo",3855.1298828125,0,0
"MG51507050","Amborompotsy",5239.27197265625,24,1
"MG51507070","Ankilizato",1619.91931152344,11,1
"MG51507010","Ampanihy Ouest",12703.2890625,17,1
"MG51507090","Maniry",1391.11572265625,0,0
"MG51507110","Antaly",1160.42810058594,0,0
"MG51507130","Ankilimivory",1557.20874023438,0,0
"MG51507150","Ejeda",9125.83984375,26,2
"MG51507170","Belafike Haut",2161.72509765625,0,0
"MG51507190","Beahitse",7792.78759765625,0,0
"MG51507210","Gogogogo",3382.7470703125,0,0
"MG51507230","Androka",7386.2216796875,0,0
"MG51507250","Vohitany",3247.58740234375,0,0
"MG51507270","Beroy Atsimo",1531.3349609375,0,0
"MG51507290","Fotadrevo",8832.390625,24,1
"MG51507310","Itampolo",10924.5244140625,0,0
"MG51507290a","Anavoha",848.603820800781,0,0
"MG51507310a","Androipano",848.111694335938,0,0
"MG51507110a","Beara",815.499145507812,0,0
"MG52518010","Morafeno Bekily",943.139282226562,11,1
"MG52518031","Ankaranabo Nord",559.08740234375,0,0
"MG52518032","Besakoa",400.666320800781,0,0
"MG52518050","Anja Nord",346.106964111328,0,0
"MG52518070","Antsakoamaro",394.473876953125,0,0
"MG52518091","Ambatosola",1195.51953125,0,0
"MG52518092","Tsirandrany",366.446075439453,18,1
"MG52518110","Tsikolaky",937.154052734375,13,1
"MG52518130","Manakompy",946.259094238281,0,0
"MG52518151","Ambahita",3407.76684570312,19,1
"MG52518152","Maroviro",1431.97106933594,0,0
"MG52518170","Belindo Mahasoa",2735.650390625,18,1
"MG52518190","Beteza",982.303894042969,0,0
"MG52518210","Tanandava",2651.82543945312,0,0
"MG52518230","Bekitro",7946.3837890625,13,1
"MG52518251","Beraketa",3569.20825195312,10,1
"MG52518252","Vohimanga",1290.22827148438,0,0
"MG52518270","Bevitiky",2328.9013671875,0,0
"MG52518290","Anivorano Mitsinjo",1363.68994140625,0,0
"MG52518031a","Mikaikarivo ambatomainty",358.994750976562,0,0
"MG52513010","Beloha",5971.36474609375,15,1
"MG52513030","Tranovaho",3318.1484375,3,1
"MG52513050","Kopoky",5073.9384765625,13,1
"MG52513070","Marolinta",3781.15258789062,17,1
"MG52513091","Tranoroa",4835.98583984375,8,1
"MG52513092","Behabobo",2768.29614257812,0,0
"MG52513091a","Ambatotsivala",2280.4033203125,0,0
"MG52513010a","Mahaenegne",2987.439453125,0,0
"MG51506011","Betioky Atsimo",3338.07055664062,0,0
"MG51506012","Sakamasay",897.02734375,0,0
"MG51506013","Ambatry Mitsinjo",960.065979003906,0,0
"MG51506014","Ankazomanga Ouest",1064.55883789062,0,0
"MG51506015","Maroarivo Ankazomanga",1775.17541503906,0,0
"MG51506030","Beantake",1865.30517578125,0,0
"MG51506050","Masiaboay",3102.5625,0,0
"MG51506070","Antohabato",2618.84033203125,0,0
"MG51506090","Tameantsoa",1728.61706542969,0,0
"MG51506111","Tongobory",1000.20379638672,11,1
"MG51506112","Besely",550.174377441406,0,0
"MG51506113","Vatolatsaka",985.235534667969,0,0
"MG51506130","Ankazombalala",4072.55322265625,19,1
"MG51506150","Bezaha",2444.75952148438,0,0
"MG51506170","Manalobe",362.268920898438,0,0
"MG51506191","Andranomangatsiaka",621.050415039062,0,0
"MG51506192","Ankilivalo",753.178039550781,0,0
"MG51506210","Soamanonga",1255.13000488281,14,1
"MG51506230","Fenoandala",863.850158691406,0,0
"MG51506251","Soaserana",605.006774902344,0,0
"MG51506252","Marosavoa",660.7900390625,0,0
"MG51506270","Salobe",960.765991210938,10,1
"MG51506290","Tanambao Haut",725.520812988281,0,0
"MG51506311a","Savazy II",1796.42504882812,0,0
"MG51506312","Antsavoa",198.075790405273,0,0
"MG51506313","Montifeno",431.307983398438,0,0
"MG51506330","Lazarivo",2538.6689453125,0,0
"MG53517010","Betroka",650.785766601562,0,0
"MG53517030","Tsaraitso",1453.45812988281,8,1
"MG53517050","Naninora",193.342926025391,0,0
"MG53517070","Ambalasoa",5441.98291015625,0,0
"MG53517090","Ivahona",1646.72448730469,0,0
"MG53517110","Analamary",757.5087890625,10,1
"MG53517130","Ianabinda",2860.66674804688,16,1
"MG53517150","Benato Toby",2637.94921875,0,0
"MG53517170","Mahabo",5241.7666015625,0,0
"MG53517190","Beampombo I",786.243957519531,7,1
"MG53517210","Jangany",1970.07495117188,9,1
"MG53517230","Mahasoa Est",932.088134765625,0,0
"MG53517250","Bekorobo",1457.38647460938,0,0
"MG53517270","Iaborotra",500.610382080078,0,0
"MG53517291","Isoanala",3719.0859375,12,1
"MG53517292","Beampombo II",965.688903808594,20,1
"MG53517293","Nanarena Besakoa",800.29345703125,0,0
"MG53517310","Ianakafy",2004.69323730469,0,0
"MG53517331","Andriandampy",1232.591796875,0,0
"MG53517332","Sakamahily",517.078063964844,0,0
"MG53517350","Ambatomivary",2578.09204101562,14,1
"MG25213010","Farafangana",8220.4990234375,20,2
"MG25213030","Vohimasy",4057.27587890625,0,0
"MG25213050","Anosivelo",3400.8671875,0,0
"MG25213070","Anosy Tsararafa",4284.9794921875,16,1
"MG25213090","Vohitromby",6977.3330078125,0,0
"MG25213110","Ivandrika",825.695434570312,0,0
"MG25213130","Manambotra Atsimo",5111.8095703125,0,0
"MG25213150","Mahavelo",1292.81579589844,0,0
"MG25213170","Mahafasa Centre",3069.19604492188,16,1
"MG25213190","Amporoforo",5917.51513671875,18,1
"MG25213210","Iabohazo",2310.1533203125,17,1
"MG25213230","Tangainony",1975.00341796875,0,0
"MG25213250","Beretra Bevoay",3049.9609375,0,0
"MG25213270","Ambohigogo",2959.14404296875,0,0
"MG25213290","Maheriraty",1525.78161621094,18,1
"MG25213310","Mahabo Mananivo",3268.94775390625,18,1
"MG25213330","Ambohimandroso",1799.5947265625,0,0
"MG25213350","Ankarana Miraihina",6027.16259765625,0,0
"MG25213370","Evato",1432.3701171875,0,0
"MG25213390","Etrotroka Atsimo",6425.4560546875,11,1
"MG25213410","Ambalavato Nord",3147.89013671875,18,1
"MG25213430","Efatsy",1615.77014160156,0,0
"MG25213450","Tovona",2686.76684570312,0,0
"MG25213471","Ambalatany",1543.19897460938,0,0
"MG25213472","Namohora Iaborano",971.447387695312,0,0
"MG25213490","Sahamadio",1861.74145507812,0,0
"MG25213510","Fenoarivo",4061.87573242188,0,0
"MG25213530","Antseranambe",1266.56127929688,0,0
"MG25213551","Ihorombe",8605.6982421875,0,0
"MG25213552","Ambalavato Antevato",2091.86889648438,0,0
"MG25213570","Vohilengo",1139.31384277344,0,0
"MG25213590","Marovandrika",1310.67529296875,0,0
"MG23206011","Ifanadiana",1406.42541503906,5,1
"MG23206012","Antaretra",1881.54309082031,0,0
"MG23206030","Tsaratanana",5007.3583984375,7,1
"MG23206051","Ranomafana",1316.72961425781,0,0
"MG23206052","Kelilalina",907.497436523438,0,0
"MG23206071","Androrangavola",1465.08618164062,7,1
"MG23206072","Marotoko",837.849731445312,0,0
"MG23206090","Ambohimiera",4036.42431640625,0,0
"MG23206110","Antsindra",3259.927734375,0,0
"MG23206130","Ambohimanga Du Sud",2742.87670898438,0,0
"MG23206150","Analampasina",1547.83557128906,0,0
"MG23206170a","Ampasinambo",617.959350585938,0,0
"MG23206190","Maroharatra",2498.99609375,9,1
"MG23210010","Manakara",9153.7685546875,6,1
"MG23210031","Tataho",5003.86865234375,0,0
"MG23210032","Mangatsiotra",967.019165039062,0,0
"MG23210051","Marofarihy",1709.62182617188,0,0
"MG23210052","Anosiala",3694.7353515625,0,0
"MG23210070","Ambila",3710.87817382812,12,1
"MG23210090a","Manjarivo",1478.84289550781,0,0
"MG23210110","Mizilo Gara",483.645721435547,0,0
"MG23210130","Ambohitsara M",1290.05163574219,0,0
"MG23210151","Sahasinaka",1346.39660644531,8,1
"MG23210152","Sahanambohitra",610.9697265625,0,0
"MG23210153","Ambahatrazo",1886.03259277344,0,0
"MG23210171","Amboanjo",2966.0322265625,0,0
"MG23210172","Anorombato",1225.98132324219,0,0
"MG23210190","Vohimasy",2875.10546875,0,0
"MG23210211","Lokomby",2674.83544921875,0,0
"MG23210212","Vatana",1388.20788574219,0,0
"MG23210213","Sakoana",1486.91650390625,0,0
"MG23210231","Ambahive",2263.03100585938,0,0
"MG23210232","Ambandrika",1530.62194824219,8,1
"MG23210233","Ambalaroka",975.577453613281,0,0
"MG23210250","Vohimanitra",249.552932739258,0,0
"MG23210271","Mitanty",749.264465332031,0,0
"MG23210272","Analavory",312.649139404297,0,0
"MG23210291","Bekatra",2437.66088867188,12,1
"MG23210292","Vinanitelo",1155.37707519531,0,0
"MG23210311","Ampasimanjeva",1367.20764160156,0,0
"MG23210312","Ambotaka",1957.60522460938,0,0
"MG23210313","Nihaonana",180.400726318359,0,0
"MG23210330","Mavorano",1506.62609863281,0,0
"MG23210351","Vohimasina Nord",2600.24877929688,11,1
"MG23210352","Vohimasina Sud",6704.43603515625,0,0
"MG23210353","Betampona",1672.87414550781,0,0
"MG23210370","Vohilava",682.758850097656,0,0
"MG23210390","Fenomby",1532.70812988281,0,0
"MG23210410","Ambalavero",1483.54650878906,0,0
"MG23210430","Amborondra",602.099853515625,0,0
"MG23210451","Mahabako",2136.41528320312,0,0
"MG23210452","Onilahy",526.393371582031,0,0
"MG23210471","Mahamaibe",796.304992675781,0,0
"MG23210472","Kianjanomby",469.4619140625,0,0
"MG23210490","Ampasimpotsy Sud",1387.36437988281,0,0
"MG23210510","Anteza",1404.03381347656,6,1
"MG23210531","Saharefo",509.555267333984,0,0
"MG23210532","Ampasimboraka",302.829162597656,0,0
"MG51512011","Sakaraha",2837.87353515625,7,1
"MG51512012","Miary Taheza",1482.26733398438,0,0
"MG51512030","Miary Lamatihy",1554.53784179688,0,0
"MG51512050","Mahaboboka",6229.92333984375,8,1
"MG51512070","Amboronabo",5923.48974609375,0,0
"MG51512090","Bereketa",1954.61694335938,0,0
"MG51512111","Andamasiny Vineta",2225.87475585938,0,0
"MG51512112","Mihavatsy",2259.26879882812,0,0
"MG51512130","Andranolava",2255.52465820312,0,0
"MG51512150","Ambinany",1631.74743652344,10,1
"MG51512171","Mikoboka",2118.06176757812,0,0
"MG51512172","Mitsinjo",3876.46899414062,0,0
"MG53515010","Taolagnaro Fort-Dauphin",5872.5205078125,11,2
"MG53515031","Ampasy Nahampoana",2149.732421875,0,0
"MG53515032","Mandromondromotra",783.320678710938,0,0
"MG53515033","Soanierana",912.895812988281,0,0
"MG53515051","Ifarantsa",739.915954589844,13,1
"MG53515052","Isaka-Ivondro",1159.03881835938,7,1
"MG53515053","Mandiso",1121.73840332031,0,0
"MG53515071","Manambaro",1271.11706542969,0,0
"MG53515072","Sarisambo",919.390930175781,11,1
"MG53515090","Ankaramena",1215.95922851562,12,1
"MG53515111","Ranopiso",1854.15783691406,0,0
"MG53515112","Ambatoabo",2034.39196777344,0,0
"MG53515113","Ankariera",1964.72253417969,0,0
"MG53515114","Analapatsy",1085.60437011719,11,1
"MG53515115","Andranobory",2782.81225585938,0,0
"MG53515131","Mahatalaky",4754.22265625,4,1
"MG53515132","Iaboakoho",940.561218261719,0,0
"MG53515151","Enaniliha",521.431518554688,0,0
"MG53515152","Fenoevo-Efita",575.880432128906,0,0
"MG53515170","Enakara-Haut",614.702758789062,11,1
"MG53515191","Ranomafana",1515.52087402344,0,0
"MG53515192","Emagnobo",987.698486328125,0,0
"MG53515210","Bevoay",1596.23315429688,0,0
"MG53515230a","Tanandava Mandrare",2175.56689453125,7,1
"MG53515251","Manantenina",1714.97680664062,0,0
"MG53515252","Analamary",1013.49346923828,0,0
"MG53515253","Soavary",2143.51123046875,12,1
"MG53515111a","Ankilivalo",501.688110351562,0,0
"MG51501001a","Toliara",5487.439453125,4,1
"MG51520010","Mitsinjo Betanimena",2725.29760742188,0,0
"MG51520030","Belalanda",2337.04956054688,11,1
"MG51520050","Betsinjaka",18580.107421875,45,4
"MG51520071","Miary Ambohibola",5933.6435546875,0,0
"MG51520072","Behompy",9702.7333984375,0,0
"MG51520090","Maromiandra",4225.7451171875,0,0
"MG51520111","Ambohimahavelona",3369.60791015625,0,0
"MG51520112","Andranohinaly",2545.73608398438,0,0
"MG51520131","Saint Augustin",9146.6416015625,6,1
"MG51520132","Anakao",1654.74694824219,0,0
"MG51520133","Soalara Sud",1947.48620605469,0,0
"MG51520150","Ambolofoty",1216.48718261719,0,0
"MG51520170","Ankilimalinike",1786.70153808594,0,0
"MG51520191","Antanimena Onilahy",753.383544921875,0,0
"MG51520192","Manorofify",1600.32507324219,0,0
"MG51520210","Marofoty",976.144470214844,0,0
"MG51520230","Tsianisiha",1344.54187011719,0,0
"MG51520250a","Tsifota",2077.83471679688,7,1
"MG51520270","Andranovory",5823.8349609375,0,0
"MG51520290","Milenaka",1812.89855957031,0,0
"MG51520310","Ankililoaka",10417.501953125,14,1
"MG51520330","Analamisampy",4601.1826171875,0,0
"MG51520358","Beheloka",1825.73974609375,0,0
"MG51520358a","Efoetse",854.166809082031,0,0
"MG51520330a","Soahazo",5266.1328125,0,0
"MG52514011","Tsihombe",7669.20947265625,11,1
"MG52514012","Nikoly",3711.8994140625,0,0
"MG52514031","Betanty (Faux Cap)",3482.27319335938,15,1
"MG52514032","Anjampaly",1935.13757324219,16,1
"MG52514050","Marovato",4250.86572265625,0,0
"MG52514071","Antaritarika",4475.2275390625,10,1
"MG52514072","Imongy",4738.2265625,0,0
"MG52514011a","Ankilivalo",2747.81005859375,0,0
"MG52514011b","Behazomanga",1522.27648925781,0,0
"MG25214010","Vangaindrano",1923.81921386719,12,2
"MG25214031","Ampasimalemy",2575.42333984375,0,0
"MG25214032","Tsianofana",2853.84643554688,0,0
"MG25214033","Bekaraoky",1562.99340820312,0,0
"MG25214050","Tsiately",2213.95263671875,0,0
"MG25214070","Soamanova",844.55419921875,0,0
"MG25214091","Lopary",3216.24487304688,14,1
"MG25214092","Bema",1119.73974609375,0,0
"MG25214111","Vohitrambo",1767.98645019531,0,0
"MG25214112","Anilobe",1772.16760253906,9,1
"MG25214131","Lohafary",5331.27734375,0,0
"MG25214132","Ampataka",5447.6474609375,0,0
"MG25214151","Matanga",4999.47509765625,11,1
"MG25214152","Masianaka",5523.99755859375,0,0
"MG25214171","Vohipaho",4743.748046875,0,0
"MG25214172","Marokibo",3315.49609375,0,0
"MG25214190","Ranomena",10551.0517578125,15,1
"MG25214211","Ambongo",2770.2578125,0,0
"MG25214212","Ambatolava",2937.25122070312,0,0
"MG25214230","Iara",3557.90966796875,0,0
"MG25214251","Bevata",3129.2158203125,0,0
"MG25214252","Karimbary",809.063049316406,0,0
"MG25214270a","Mahabe",1042.26318359375,0,0
"MG25214290","Fenoambany",3222.44482421875,16,1
"MG25214311","Isahara",3105.03881835938,0,0
"MG25214312","Vohimalaza",3535.57568359375,0,0
"MG25214313","Vatanato",2281.18798828125,11,1
"MG25214331","Amparihy Est",1445.61962890625,0,0
"MG25214332","Sandravinany",1578.53942871094,0,0
"MG23212010","Vohipeno",1610.97912597656,0,0
"MG23212031","Vohitrindry",6533.72265625,0,0
"MG23212032","Vohindava",4057.31420898438,0,0
"MG23212051","Ivato",166.948013305664,0,0
"MG23212052","Savana",455.062133789062,0,0
"MG23212053","Anoloka",689.321838378906,13,1
"MG23212070","Mahabo",1008.3681640625,0,0
"MG23212090","Ankarimbary",798.285766601562,0,0
"MG23212110","Lanivo",1254.32470703125,0,0
"MG23212130a","Amborobe",1102.69836425781,0,0
"MG23212150","Mahasoabe",369.2998046875,0,0
"MG23212171","Onjatsy",278.210144042969,0,0
"MG23212172","Vohilany",322.327514648438,0,0
"MG23212190","Andemaka",1421.21008300781,0,0
"MG23212211","Ifatsy",1946.38159179688,0,0
"MG23212212","Antananabo",2112.080078125,0,0
"MG23212230","Ilakatra",2362.89721679688,0,0
"MG23212250","Sahalava",1531.38293457031,7,1
"MG23212270","Mahazoarivo",4791.9775390625,0,0
"MG11101001","1er Arrondissement",11056.5234375,66,10
"MG11101002","2e Arrondissement",14275.576171875,38,7
"MG11101003","3e Arrondissement",9130.888671875,10,4
"MG11101004","4e Arrondissement",12871.33984375,63,9
"MG11101005","5e Arrondissement",55130.4921875,81,11
"MG11101006","6e Arrondissement",29791.955078125,29,5
"MG11102010","Alasora",6978.46337890625,6,1
"MG11102039","Ankadikely Ilafy",46837.3203125,0,0
"MG11102050","Ambohimanambola",1273.81665039062,7,1
"MG11102079","Sabotsy Namehana",23581.3828125,11,1
"MG11102099","Ambohimangakely",7354.900390625,0,0
"MG11102210","Manandriana",3884.67333984375,0,0
"MG11102230","Ambohimalaza Miray",1297.72546386719,0,0
"MG11102279","Fieferana",4150.5869140625,0,0
"MG11102319","Ambohimanga Rova",26182.916015625,0,0
"MG11102350","Viliahazo",77.2775726318359,0,0
"MG11102379","Talata Volonondry",5253.4013671875,4,1
"MG11102390","Anjeva Gara",565.552001953125,0,0
"MG11102410","Masindray",2194.3681640625,0,0
"MG11102430","Ankadinandriana",3901.69921875,0,0
"MG11103010","Ambohidratrimo",2640.962890625,0,0
"MG11103030","Anosiala",6829.73876953125,0,0
"MG11103050","Talatamaty",2897.25122070312,0,0
"MG11103070","Antehiroka",7352.61376953125,13,2
"MG11103090","Iarinarivo",980.39697265625,0,0
"MG11103111","Ivato Firaisana",1520.220703125,5,1
"MG11103112","Ivato Aeroport",1650.5693359375,6,1
"MG11103130","Ambohitrimanjaka",2901.45385742188,0,0
"MG11103150","Mahitsy",9010.1728515625,0,0
"MG11103171","Merimandroso",9883.7255859375,0,0
"MG11103172","Ambatolampy",17579.880859375,0,0
"MG11103190","Ampangabe",2187.11450195312,0,0
"MG11103210","Ampanotokana",6646.37744140625,9,1
"MG11103230","Mananjara",248.47282409668,0,0
"MG11103251","Manjakavaradrano",2779.14575195312,0,0
"MG11103252","Antsahafilo",938.931396484375,0,0
"MG11103270","Ambohimanjaka",5303.365234375,6,1
"MG11103290","Fiadanana",430.234741210938,0,0
"MG11103310","Mahabo",4267.97314453125,0,0
"MG11103330","Mahereza",168.021896362305,0,0
"MG11103350","Antanetibe",6740.25146484375,0,0
"MG11103370","Ambohipihaonana",1181.95886230469,0,0
"MG11103390","Ambato",8157.0048828125,0,0
"MG11103410","Anjanadoria",5682.17578125,0,0
"MG11103430","Avaratsena",2930.984375,0,0
"MG11104010","Ankazobe",1754.82165527344,0,0
"MG11104030","Talata Angavo",952.216857910156,0,0
"MG11104050","Ambohitromby",1635.00549316406,0,0
"MG11104071","Antotohazo",815.126708984375,0,0
"MG11104072","Marondry",930.428649902344,0,0
"MG11104090","Fihaonana",2483.32080078125,11,1
"MG11104110","Mahavelona",2394.10278320312,0,0
"MG11104130","Fiadanana",2896.52954101562,0,0
"MG11104150","Tsaramasoandro",1274.48413085938,0,0
"MG11104170","Ambolotarakely",851.618041992188,0,0
"MG11104190","Antakavana",1040.60021972656,0,0
"MG11104210","Kiangara",1729.94848632812,0,0
"MG11104230","Miantso",1650.24157714844,0,0
"MG11106011","Manjakandriana",788.08740234375,5,1
"MG11106012","Ambatolaona",643.9462890625,0,0
"MG11106030","Sambaina",359.334899902344,0,0
"MG11106050","Ambohibary",198.829025268555,0,0
"MG11106070","Ambatomanga",294.5595703125,0,0
"MG11106090","Alarobia",893.126770019531,0,0
"MG11106110","Mantasoa",953.793334960938,6,1
"MG11106130","Ranovao",390.635162353516,0,0
"MG11106150","Miadanandriana",1483.40942382812,0,0
"MG11106170","Nandihizana",346.728668212891,0,0
"MG11106190","Anjepy",264.628448486328,0,0
"MG11106210","Ambanitsena",255.888214111328,0,0
"MG11106230","Ambohitrandriamanitra",822.773559570312,0,0
"MG11106251","Ambatomena",159.69123840332,0,0
"MG11106252","Ambohibao Sud",110.640884399414,0,0
"MG11106271","Ambohitseheno",122.602699279785,0,0
"MG11106272","Antsahalalina",199.00032043457,4,1
"MG11115031","Sabotsy Ambohitromby",508.979156494141,0,0
"MG11115032","Andohariana",181.671783447266,0,0
"MG11115050","Mandrosoa",516.653259277344,0,0
"MG11117470","Ambatofahavalo",1754.44226074219,0,0
"MG12108001a","Antsirabe",7675.82421875,22,5
"MG12114050","Ampitatafika",5362.19189453125,15,1
"MG12114079","Ambatomiady",1357.69201660156,0,0
"MG12114090","Andranofito",630.945617675781,0,0
"MG21205290","Fenoarivo",1795.25939941406,0,0
"MG21208010","Ambohimahasoa",431.887115478516,0,0
"MG21208030","Ampitana",1197.93872070312,0,0
"MG22223090","Ambohipo",976.719177246094,9,1
"MG22223110","Anjoman'ankona",632.027954101562,13,1
"MG22223130","Vinany Andakatanikely",328.472503662109,0,0
"MG23211111","Ankarimbelo",4458.662109375,4,1
"MG23211112","Antodinga",4558.52001953125,0,0
"MG23211113","Kalafotsy",3780.09106445312,0,0
"MG25222012","Antondabe",1266.67150878906,0,0
"MG25222031","Marovitsika Sud",5413.87646484375,0,0
"MG25222032","Antaninarenina",1402.44091796875,0,0
"MG11106290","Ambohitrony",41.5009803771973,0,0
"MG11106310","Merikanjaka",1077.392578125,0,0
"MG11106330","Anjoma Betoho",53.1090850830078,0,0
"MG11106351","Ankazondandy",693.935424804688,0,0
"MG11106352","Soavinandriana",482.161437988281,0,0
"MG11106371","Ambohitrolomahitsy",811.00244140625,0,0
"MG11106372","Ampaneva",79.377197265625,0,0
"MG11106390","Sadabe",4812.8095703125,0,0
"MG11107019","Anjozorobe",1283.97045898438,15,1
"MG11107070","Mangamila",1705.00549316406,0,0
"MG11107099","Ambongamarina",841.5576171875,0,0
"MG11107110","Tsarasaotra",136.148071289062,12,1
"MG11107130","Ambohimanarina Marovazaha",428.409362792969,0,0
"MG11107150","Betatao",1169.9345703125,0,0
"MG11107170","Alakamisy",238.600479125977,0,0
"MG11107190","Analaroa",373.751281738281,0,0
"MG11107211","Antanetibe",1577.44311523438,0,0
"MG11107212","Belanitra",51.1352767944336,0,0
"MG11107230","Ambatomanoina",898.001037597656,10,1
"MG11107250","Amparatanjona",1245.36267089844,0,0
"MG11107270","Amboasary Nord",1002.33111572266,0,0
"MG11107290","Androvakely",1662.28198242188,0,0
"MG11107310","Ambohibary Vohilena",2953.25024414062,0,0
"MG11107330","Ambohimirary",242.971084594727,0,0
"MG11107350","Marotsipoy",1040.78759765625,0,0
"MG11107370","Beronono",1637.01220703125,0,0
"MG11115010","Andramasina",1453.48217773438,0,0
"MG11115071","Alatsinainy Bakaro",2500.17895507812,5,1
"MG11115072","Antotohazo",614.554626464844,0,0
"MG11115091","Ambohimiadana",2413.9951171875,0,0
"MG11115092a","Morarano Soa Firaisana",949.716613769531,0,0
"MG11115110","Alarobia Vatosola",2121.55322265625,10,1
"MG11115130","Fitsinjovana Bakaro",2891.56005859375,0,0
"MG11115150","Sabotsy Manjakavahoaka",1399.09948730469,0,0
"MG11115170","Anosibe Trimoloharano",864.186157226562,0,0
"MG11117011","Ampitatafika",4772.10400390625,0,0
"MG11117012","Anosizato Andrefana",473.503936767578,0,0
"MG11117050","Ambohidrapeto",2330.51538085938,0,0
"MG11117070","Bemasoandro",3528.92724609375,16,2
"MG11117090","Fiombonana",3699.18969726562,0,0
"MG11117130","Ambavahaditokana",4319.26953125,8,2
"MG11117150","Tanjombato",4060.54809570312,0,0
"MG11117170","Andoharanofotsy",4570.658203125,0,0
"MG11117190","Ankaraobato",6200.16552734375,4,1
"MG11117210","Soalandy",2479.06494140625,0,0
"MG11117230","Antanetikely",2826.87646484375,0,0
"MG11117250","Alatsinainy Ambazaha",685.931762695312,0,0
"MG11117270","Ampanefy",3852.171875,7,1
"MG11117290","Ankadimanga",479.627746582031,0,0
"MG11117312","Alakamisy Fenoarivo",2749.87377929688,0,0
"MG11117330","Soavina",1478.45104980469,0,0
"MG11117350","Ambohijanaka",7114.9970703125,0,0
"MG11117370","Ampahitrosy",861.041320800781,0,0
"MG11117390","Bongatsara",4116.29736328125,0,0
"MG11117410","Androhibe",1813.52221679688,5,1
"MG11117430","Tsiafahy",6743.4150390625,9,1
"MG11117450","Ambalavao",3714.9794921875,0,0
"MG12109010","Betafo",3218.697265625,0,0
"MG12109030","Andranomafana",1193.77429199219,0,0
"MG12109050","Mandritsara",601.855834960938,0,0
"MG12109070","Alakamisy Anativato",533.528015136719,0,0
"MG12109090","Antsoso",638.800720214844,0,0
"MG12109110","Tritriva",897.868713378906,0,0
"MG12109130","Soavina",1971.77758789062,0,0
"MG12109150","Manohisoa",1961.533203125,0,0
"MG12109170","Ambatonikolahy",4716.43896484375,0,0
"MG12109190","Antohobe",1348.76843261719,9,1
"MG12109211","Mahaiza",1987.94702148438,9,1
"MG12109212","Anosiarivo Manapa",2835.76513671875,0,0
"MG12109230","Alakamisy Marososona",1803.88513183594,0,0
"MG12109250","Ambohimanambola",4759.4013671875,0,0
"MG12109270","Ambohimasina",2379.50732421875,9,1
"MG12109290","Inanantonana",1151.03247070312,0,0
"MG12109390","Alarobia Bemaha",2588.83911132812,0,0
"MG12109490","Andrembesoa",3076.35888671875,5,1
"MG12110010","Ambatolampy",2181.98852539062,0,0
"MG12110030","Morarano",1001.10223388672,0,0
"MG12110050","Ambohipihaonana",1387.70910644531,0,0
"MG12110070","Manjakatompo",1166.7080078125,0,0
"MG12110090","Ambatondrakalavao",912.267822265625,0,0
"MG12110110","Andriambilany",927.448608398438,0,0
"MG12110130","Belambo Firaisana",1605.70288085938,0,0
"MG12110150","Andravola Vohipeno",465.022827148438,0,0
"MG12110170","Tsiafajavona Ankaratra",3093.6962890625,7,2
"MG12110190","Ambodifarihy Fenomanana",1145.85815429688,0,0
"MG12110210","Sabotsy Namatoana",1017.06011962891,0,0
"MG12110230","Antanimasaka",804.129760742188,0,0
"MG12110250","Behenjy",2880.99438476562,0,0
"MG12110270","Antsampandrano",3816.9677734375,9,1
"MG12110291","Antanamalaza",1366.31555175781,0,0
"MG12110292","Antakasina",3035.74658203125,0,0
"MG12110310","Tsinjoarivo",5902.35595703125,10,1
"MG12110330","Andranovelona",1556.86535644531,0,0
"MG12114010","Antanifotsy",9872.1650390625,15,1
"MG12114030","Ambatolahy",2763.59033203125,0,0
"MG12114110","Ambohimandroso",1534.36254882812,5,1
"MG12114150","Ambatotsipihina",8009.884765625,0,0
"MG12114171","Ambohitompoina",4044.4052734375,0,0
"MG12114172","Belanitra",3501.50830078125,18,1
"MG12114199","Antsahalava",1475.88562011719,0,0
"MG12114230","Ambodiriana",1559.61743164062,0,0
"MG12114290","Antsampandrano",3533.92065429688,0,0
"MG12116010","Faratsiho",3799.55322265625,0,0
"MG12116030","Antsampanimahazo",1235.35559082031,0,0
"MG12116050","Faravohitra",591.1396484375,0,0
"MG12116070","Ramainandro",1860.96838378906,0,0
"MG12116090","Andranomiady",960.791381835938,9,1
"MG12116110","Vinaninony Atsimo",5774.58544921875,4,1
"MG12116130","Ambohiborona",4363.6318359375,0,0
"MG12116150","Miandrarivo",6140.51318359375,0,0
"MG12116170","Valabetokana",768.831726074219,17,1
"MG12118010","Ambano",36647.828125,9,1
"MG12118030","Belazao",527.083374023438,0,0
"MG12118050","Alakamisy",6862.220703125,0,0
"MG12118070","Antanimandry",585.416137695312,7,1
"MG12118090","Vinaninkarena",859.710510253906,0,0
"MG12118110","Andranomanelatra",10810.640625,0,0
"MG12118130","Ambohidranandriana",453.94091796875,11,1
"MG12118150","Ambohimiarivo",260.648468017578,0,0
"MG12118170","Ambohitsimanova",1017.97387695312,0,0
"MG12118190","Mangarano",823.563415527344,9,1
"MG12118210","Manandona",976.104187011719,0,0
"MG12118230","Antsoatany",1959.95129394531,0,0
"MG12118250","Alatsinainy Ibity",1425.26123046875,0,0
"MG12118270","Sahanivotry Manandona",1128.20886230469,0,0
"MG12118290","Soanindrariny",1780.82263183594,0,0
"MG12118310","Ambatomena",1847.94482421875,0,0
"MG12118331","Ambohibary",13911.6748046875,11,1
"MG12118332","Mandrosohasina",5218.248046875,0,0
"MG12118350","Tsarahonenana Sahanivotry",2088.4501953125,0,0
"MG12118370","Antanambao",4975.51123046875,13,1
"MG12120010","Mandoto",3469.03466796875,8,1
"MG12120030","Betsohana",1822.12634277344,0,0
"MG12120050","Antanambao Ambary",2394.8896484375,0,0
"MG12120070","Anjoma Ramartina",3929.27807617188,0,0
"MG12120090","Ankazomiriotra",3040.04907226562,0,0
"MG12120110","Fidirana",4029.39306640625,11,1
"MG12120130","Vasiana",5214.66162109375,0,0
"MG12120150","Vinany",3125.60375976562,0,0
"MG13105010","Arivonimamo I",3453.64404296875,8,1
"MG13105030","Arivonimamo II",995.085815429688,9,1
"MG13105050","Ambohitrambo",1832.35803222656,6,1
"MG13105070","Ampahimanga",938.151733398438,0,0
"MG13105090","Amboanana",1583.69323730469,0,0
"MG13105110","Morafeno",747.31298828125,0,0
"MG13105130","Imerintsiatosika",7182.78076171875,36,3
"MG13105150","Morarano",964.791687011719,0,0
"MG13105170","Ambatomirahavavy",1920.99340820312,0,0
"MG13105190","Ambatomanga",958.548522949219,0,0
"MG13105211","Manalalondo",2273.59057617188,7,1
"MG13105212","Antenimbe",483.612457275391,0,0
"MG13105213","Alakamisikely",844.705017089844,0,0
"MG13105214","Mahatsinjo Est",1545.2236328125,0,0
"MG13105215","Marofangady",394.285003662109,0,0
"MG13105216","Rambolamasoandro Andranomiely",2504.93579101562,0,0
"MG13105230","Ambohimandry",5273.93408203125,8,1
"MG13105250","Antambolo",446.032409667969,5,1
"MG13105270","Ambohimasina",751.490173339844,0,0
"MG13105291","Ambohipandrano",1606.11145019531,10,1
"MG13105292","Miandrandra",1838.65270996094,10,1
"MG13105310","Miantsoarivo",6149.2724609375,0,0
"MG13112010","Miarinarivo I",1732.39831542969,6,1
"MG13112030","Miarinarivo II",2925.01489257812,0,0
"MG13112050","Ambatomanjaka",2475.5751953125,7,1
"MG13112071","Manazary",2423.29077148438,15,1
"MG13112072","Antoby Est",1943.14953613281,0,0
"MG13112090","Soamahamanina",1290.45812988281,0,0
"MG13112111","Analavory",6941.61962890625,7,1
"MG13112112","Alatsinainikely",3003.16430664062,13,1
"MG13112130","Mandiavato",3409.77905273438,0,0
"MG13112151","Anosibe Ifanja",3312.1005859375,22,2
"MG13112152","Sarobaratra Ifanja",4430.8828125,0,0
"MG13112170","Zoma Bealoka",884.4716796875,9,1
"MG13112190","Soavimbazaha",1814.19067382812,0,0
"MG13112210","Andolofotsy",4156.453125,11,1
"MG13113011","Soavinandriana",3209.32299804688,5,1
"MG13113012","Dondona",696.680236816406,0,0
"MG13113030","Ampary",876.165100097656,0,0
"MG13113050","Mananasy",2404.025390625,0,0
"MG13113071","Masindray",705.777404785156,5,1
"MG13113072","Amparibohitra",614.6650390625,12,1
"MG13113090","Ampefy",2773.05151367188,9,1
"MG13113110","Antanetibe",1074.40991210938,11,1
"MG13113131","Amparaky",1146.72436523438,0,0
"MG13113132","Amberomanga",1494.31689453125,0,0
"MG13113150","Ankaranana",1042.71215820312,7,1
"MG13113170","Mahavelona",2165.6435546875,5,1
"MG13113190","Ankisabe",2606.1708984375,7,1
"MG13113210","Ambatoasana Centre",1719.58776855469,0,0
"MG13113230","Tamponala",3639.01806640625,0,0
"MG14111010","Tsiroanomandidy Ville",1806.72082519531,19,3
"MG14111030","Tsiroanomandidy Fihaonana",12101.853515625,17,2
"MG14111051","Ambatolampy",1177.94213867188,0,0
"MG14111052","Maritampona",1183.88415527344,25,1
"MG14111070","Bevato",1738.9580078125,11,1
"MG14111090","Ankadinondry Sakay",5167.21728515625,25,2
"MG14111110","Ankerana Avaratra",905.260986328125,7,1
"MG14111130","Miandrarivo",1128.12646484375,15,1
"MG14111150","Tsinjoarivo Imanga",1723.79089355469,19,2
"MG14111170","Soanierana",617.296875,0,0
"MG14111190","Anosy",1160.62561035156,11,1
"MG14111210","Ambararatabe",1291.40075683594,0,0
"MG14111230","Belobaka",5246.6845703125,10,1
"MG14111250","Ambalanirana",1641.53503417969,7,1
"MG14111270","Mahasolo",5378.86962890625,25,2
"MG14111290","Bemahatazana",2312.41333007812,5,1
"MG14111310","Fierenana",5721.00048828125,7,1
"MG14111330","Maroharona",4866.68505859375,14,1
"MG14119010","Fenoarivo Centre",4584.07861328125,14,1
"MG14119031","Firavahana",5844.25732421875,8,1
"MG14119032","Morarano Maritampona",2287.45629882812,8,1
"MG14119051","Kiranomena",2915.42407226562,10,1
"MG14119052","Tsinjoarivo 22",1346.13720703125,13,1
"MG14119053","Mahajeby",1265.44604492188,9,1
"MG14119071","Ambohitromby",4214.08251953125,14,1
"MG14119072","Ambatomainty Atsimo",1199.78381347656,0,0
"MG21201001a","Fianarantsoa",9442.787109375,20,4
"MG21205010","Ambalavao",1698.53759765625,12,1
"MG21205030","Manamisoa",1623.13623046875,0,0
"MG21205050a","Volamena",1770.45373535156,0,0
"MG21205071","Ambohimandroso",1783.43884277344,0,0
"MG21205072","Andrainjato",1241.51953125,10,1
"MG21205090","Anjoma",3165.80224609375,0,0
"MG21205110","Kirano",1463.18322753906,5,1
"MG21205130a","Namoly",1807.09631347656,0,0
"MG21205150","Besoa",1212.51831054688,5,1
"MG21205170","Mahazony",1028.91528320312,0,0
"MG21205190","Ambinanindovoka",947.439025878906,0,0
"MG21205211","Ankaramena",850.322448730469,0,0
"MG21205212","Ambinaniroa",3251.42309570312,0,0
"MG21205230","Ambohimahamasina",2451.291015625,10,1
"MG21205250","Miarinarivo",1268.49987792969,0,0
"MG21205270","Vohitsaoka",3992.14135742188,7,1
"MG21208050","Ankerana",772.553466796875,0,0
"MG21208071","Manandroy",1909.23583984375,0,0
"MG21208072","Ambalakindresy",4791.40283203125,0,0
"MG21208090","Ankafina Tsarafidy",1662.57775878906,0,0
"MG21208110","Sahave",1630.53820800781,0,0
"MG21208130","Morafeno",1319.64538574219,13,1
"MG21208150","Ikalalao",1115.65930175781,0,0
"MG21208170","Vohiposa",1632.71020507812,12,1
"MG21208190","Ambatosoa",1829.2607421875,0,0
"MG21208211","Isaka",1365.435546875,0,0
"MG21208212","Vohitrarivo",2579.30517578125,0,0
"MG21208230","Ambohinamboarina",1566.63793945312,12,1
"MG21208251","Sahatona",1319.86950683594,0,0
"MG21208252","Camp Robin",1048.6083984375,0,0
"MG21208270","Befeta",2050.44165039062,0,0
"MG21208290","Fiadanana",2703.66455078125,0,0
"MG21219010","Ikalamavony",4976.52197265625,8,1
"MG21219030","Mangidy",5673.72021484375,8,1
"MG21219050","Solila",4130.55859375,0,0
"MG21219070","Ambatomainty",1291.95288085938,0,0
"MG21219090","Fitampito",3482.65063476562,0,0
"MG21219110","Tanamarina Sakay",3216.08422851562,0,0
"MG21219130","Tsitondroina",2207.86376953125,0,0
"MG21219150","Tanamarina Bekisopa",1885.18029785156,0,0
"MG21220011","Andrainjato Centre",3370.68359375,0,0
"MG21220012","Andrainjato Est",787.003295898438,0,0
"MG21220030","Ambalakely",1243.07238769531,11,1
"MG21220070","Ivoamba",550.519714355469,0,0
"MG21220090","Taindambo",437.050231933594,13,1
"MG21220111","Mahatsinjony",852.8974609375,0,0
"MG21220112","Sahambavy",1812.98706054688,0,0
"MG21220210","Ambalamahasoa",702.445678710938,0,0
"MG21220250","Alakamisy Ambohimaha",3390.44116210938,0,0
"MG21220330","Androy",1974.25866699219,13,1
"MG21220350","Alatsinainy Ialamarina",2072.06762695312,0,0
"MG21220430","Fandrandava",652.122741699219,0,0
"MG21220630","Ialananindro",222.40168762207,0,0
"MG21224010","Mahasoabe",3387.00512695312,0,0
"MG21224030","Vinanitelo",3574.4697265625,0,0
"MG21224050","Alakamisy Itenina",2362.99658203125,19,2
"MG21224070","Talata Ampano",13883.9375,3,1
"MG21224090","Ihazoara",594.377075195312,0,0
"MG21224110","Ankaromalaza Mifanasoa",727.629333496094,0,0
"MG21224130","Vohimarina",4466.45654296875,0,0
"MG21224150","Maneva",2047.58508300781,0,0
"MG21224170","Vohitrafeno",1621.45825195312,0,0
"MG21224190","Andranovorivato",7437.51513671875,0,0
"MG21224210","Vohibato Ouest",2889.76098632812,0,0
"MG21224230","Andranomiditra",3150.68310546875,0,0
"MG21224250","Soaindrana",9639.3447265625,9,1
"MG21224270","Mahaditra",2745.6630859375,0,0
"MG21225010","Isorana",888.685241699219,0,0
"MG21225030","Anjoma Itsara",1244.00280761719,0,0
"MG21225050","Andoharanomaitso",2387.3662109375,14,1
"MG21225070","Ambondrona",1584.72009277344,11,1
"MG21225090","Ambalamidera II",571.286499023438,0,0
"MG21225110","Ankarinarivo Manirisoa",1481.03967285156,0,0
"MG21225130","Soatanana",468.131530761719,0,0
"MG21225150","Nasandratrony",669.317077636719,0,0
"MG21225170","Mahazoarivo",1558.470703125,0,0
"MG21225190","Fanjakana",2587.73022460938,0,0
"MG21225210","Iavonomby Vohibola",891.971313476562,0,0
"MG22202010","Ambatofinandrahana",8174.17626953125,7,1
"MG22202030","Itremo",3453.55541992188,11,1
"MG22202050","Fenoarivo",5962.5166015625,14,1
"MG22202070","Soavina",4888.7587890625,9,1
"MG22202090","Ambondromisotra",1521.10656738281,9,1
"MG22202110","Ambatomifanongoa",1395.29699707031,0,0
"MG22202130","Amborompotsy",1296.83959960938,9,1
"MG22202150","Mandrosonoro",4027.28442382812,0,0
"MG22202170","Mangataboahangy",2255.46826171875,7,1
"MG22203010","Ambositra I",318.556823730469,13,2
"MG22203030","Ambositra II",955.156677246094,10,1
"MG22203050","Ankazoambo",212.604598999023,6,1
"MG22203070","Ivony Miaramiasa",3086.70776367188,0,0
"MG22203090","Andina",2362.0712890625,0,0
"MG22203110","Imerina Imady",89.9284057617188,0,0
"MG22203130","Ivato",3025.123046875,0,0
"MG22203150","Tsarasaotra",5303.19873046875,0,0
"MG22203170","Marosoa",212.652786254883,0,0
"MG22203190","Fahizay",129.863021850586,0,0
"MG22203210","Alakamisy Ambohijato",234.966812133789,6,1
"MG22203230","Kianjandrakefina",1022.21734619141,0,0
"MG22203250","Ambalamanakana",1068.36804199219,0,0
"MG22203290","Ilaka Centre",2061.53149414062,0,0
"MG22203310","Ihadilanana",1621.30603027344,20,2
"MG22203390","Ambatofitorahana",283.831390380859,10,1
"MG22203410","Antoetra",2206.841796875,7,1
"MG22203430","Mahazina Ambohipierenana",673.721435546875,0,0
"MG22203450","Sahatsiho Ambohimanjaka",955.01025390625,7,1
"MG22203491","Ambohimitombo I",2025.32458496094,10,1
"MG22203492","Ambohimitombo II",681.868835449219,16,1
"MG22203551","Ambinanindrano",2252.98168945312,0,0
"MG22203552","Vohidahy",3095.87670898438,15,1
"MG22204010","Fandriana",1033.38940429688,6,1
"MG22204030","Milamaina",25.9369564056396,0,0
"MG22204050","Sahamadio Fisakana",872.780700683594,0,0
"MG22204070","Fiadanana",2832.20703125,13,2
"MG22204090","Tsarazaza",6228.27490234375,0,0
"MG22204110","Tatamalaza",152.627853393555,0,0
"MG22204130","Ankarinoro",1179.81262207031,0,0
"MG22204150","Sandrandahy",5027.42333984375,10,1
"MG22204170a","Isandrandahy Ambony",920.945678710938,0,0
"MG22204191","Miarinavaratra",4149.57763671875,9,1
"MG22204192","Betsimisotra",496.729461669922,10,1
"MG22204210","Alakamisy Ambohimahazo",571.390686035156,0,0
"MG22204230","Imito",1368.10241699219,0,0
"MG22223010","Ambovombe Centre",1892.88757324219,7,1
"MG22223030","Ambohimahazo",546.7705078125,0,0
"MG22223050","Anjoma Nandihizana",901.576538085938,0,0
"MG22223070","Ambohimilanja",947.870544433594,0,0
"MG22223150","Talata Vohimena",4415.87548828125,0,0
"MG22223171","Ambatomarina",1203.75561523438,0,0
"MG22223172","Andakatany",314.042785644531,0,0
"MG23207010","Nosy Varika",1999.64562988281,8,1
"MG23207031","Ambahy",1349.72595214844,0,0
"MG23207032","Andara",1961.84033203125,0,0
"MG23207051","Fiadanana",1991.89770507812,0,0
"MG23207052","Ambodirian'i Sahafary",2142.38525390625,5,1
"MG23207070","Sahavato",6047.81982421875,0,0
"MG23207090","Vohilava",2961.73388671875,0,0
"MG23207111","Vohitrandriana",7667.52783203125,8,1
"MG23207112","Vohidroa",2481.248046875,0,0
"MG23207113","Ambakobe",876.914306640625,0,0
"MG23207130","Soavina",4882.7919921875,0,0
"MG23207151","Ambodilafa",2178.24633789062,0,0
"MG23207152","Androrangavola",2495.17626953125,14,1
"MG23207171","Ampasinambo",2322.22045898438,9,1
"MG23207172","Antanambao",1278.04418945312,0,0
"MG23207173","Angodongodona",929.883666992188,0,0
"MG23207191","Befody",4255.13916015625,0,0
"MG23207192","Ambodiara",2212.31323242188,0,0
"MG23209010","Mananjary",1877.70397949219,3,1
"MG23209031a","Marofody",1228.04956054688,0,0
"MG23209032","Ankatafana",4025.72680664062,0,0
"MG23209050","Mahatsara Sud",942.521911621094,0,0
"MG23209070","Tsiatosika",2734.49267578125,5,1
"MG23209090","Mahatsara Iefaka",564.397705078125,0,0
"MG23209110","Marokarima",1594.62573242188,0,0
"MG23209130","Morafeno",1813.11682128906,0,0
"MG23209150","Antsenavolo",1476.59216308594,0,0
"MG23209170","Marosangy",1406.77502441406,0,0
"MG23209190","Ambohimiarina II",357.692749023438,0,0
"MG23209210","Andranambolava",1116.29699707031,0,0
"MG23209230","Vohilava",6328.7646484375,0,0
"MG23209251","Mahela",2351.7333984375,8,1
"MG23209252","Ambohitsara Est",1812.90087890625,0,0
"MG23209270","Mahavoky Nord",1186.85827636719,0,0
"MG23209290","Andonabe",1446.01098632812,0,0
"MG23209310","Ambohinihaonana",4203.62158203125,9,1
"MG23209331","Marofototra",3522.017578125,0,0
"MG23209332","Andranomavo",1330.22253417969,0,0
"MG23209350","Vatohandrina",978.662170410156,0,0
"MG23209370","Ambalahosy Nord",263.834075927734,0,0
"MG23209391","Ambodinonoka",6190.3916015625,14,1
"MG23209392","Antaretra",3569.93334960938,0,0
"MG23209410","Kianjavato",1405.341796875,10,1
"MG23209430","Sandrohy",1454.06396484375,0,0
"MG23209450","Anosimparihy",1450.64685058594,0,0
"MG23209470","Manakana Nord",886.066833496094,0,0
"MG23209490","Namorona",4882.63916015625,0,0
"MG23211011","Ikongo",14122.109375,0,0
"MG23211012","Ambolomadinika",4787.07958984375,17,2
"MG23211031","Ambatofotsy",5564.91552734375,0,0
"MG23211032","Belemoka",3009.27880859375,0,0
"MG23211033","Maromiandra",4850.07421875,0,0
"MG23211051","Manampatrana",1703.89624023438,4,1
"MG23211052","Ambinanitromby",3620.98681640625,0,0
"MG23211071","Ifanirea",6036.11572265625,0,0
"MG23211072","Tanakambana",3275.30053710938,0,0
"MG23211073","Sahalanona",3786.54150390625,0,0
"MG23211091","Tolongoina",4791.89794921875,0,0
"MG23211092a","Andefampony",986.450744628906,0,0
"MG24216010","Ihosy",1169.56689453125,20,3
"MG24216031","Ankily",1324.25061035156,0,0
"MG24216032","Ambia",10504.251953125,5,1
"MG24216033","Tolohomiady",905.529296875,0,0
"MG24216050","Irina",1175.96411132812,0,0
"MG24216070","Sahambano",3948.83569335938,7,1
"MG24216090","Analaliry",2968.51416015625,16,1
"MG24216110","Mahasoa",7811.36328125,24,2
"MG24216131","Ambatolahy",4383.92333984375,11,1
"MG24216132","Soamatasy",2098.39501953125,22,1
"MG24216151","Zazafotsy",3763.4677734375,17,1
"MG24216152","Antsoha",3408.42431640625,0,0
"MG24216170","Sakalalina",4320.5361328125,7,1
"MG24216191","Satrokala",3829.73681640625,6,1
"MG24216192","Andiolava",2802.31713867188,10,1
"MG24216210","Analavoka",3325.36645507812,10,1
"MG24216231","Ranohira",4588.62646484375,10,1
"MG24216232","Ilakaka",3509.77099609375,21,2
"MG24216250","Menamaty Iloto",1186.04040527344,0,0
"MG24218010","Ivohibe",2917.32299804688,7,1
"MG24218030","Antambohobe",2873.35522460938,5,1
"MG24218050","Maropaika",5295.79541015625,14,1
"MG24218070","Ivongo",4196.98193359375,0,0
"MG24221010","Iakora",4347.2978515625,9,1
"MG24221030","Ranotsara Nord",3515.70068359375,13,1
"MG24221050","Begogo",4082.8515625,0,0
"MG25215011","Midongy (Nosifeno)",2714.537109375,0,0
"MG25215012","Ankazovelo",1602.10754394531,0,0
"MG25215031","Andranolalina",2457.07666015625,0,0
"MG25215051","Ivondro",3242.173828125,16,1
"MG25215052","Soakibany",2617.82885742188,0,0
"MG25217011","Vondrozo",1707.21472167969,9,1
"MG25217012","Manambidala",3603.64916992188,0,0
"MG25217013","Anandravy",2575.45288085938,0,0
"MG25217030","Mahatsinjo",1242.33386230469,16,1
"MG25217051","Mahazoarivo",1592.3876953125,16,1
"MG25217052","Iamonta",769.893920898438,0,0
"MG25217071","Vohimary",4014.83959960938,0,0
"MG25217072","Antokonala",1590.58251953125,0,0
"MG25217090","Ambohimana",1219.84729003906,0,0
"MG25217111","Karianga",1016.22088623047,6,1
"MG25217112","Manato",1759.90246582031,0,0
"MG25217130","Ivato",2634.63330078125,0,0
"MG25217150","Mahavelo",1057.7734375,0,0
"MG25217170","Andakana",1422.41442871094,0,0
"MG25217191","Moroteza",1943.68249511719,12,1
"MG25217192","Vohiboreka",686.302368164062,0,0
"MG25222011","Befotaka Sud",3273.78125,0,0
"MG25222051","Ranotsara Sud",1980.87939453125,0,0
"MG25222052","Beharena",2450.68823242188,0,0
"MG25222053","Bekofafa Sud",3143.43920898438,17,1
"MG31301001a","Toamasina",3648.40356445312,27,5
"MG31306010","Brickaville",2060.26684570312,4,1
"MG31306030","Vohitranivona",1181.07019042969,0,0
"MG31306050","Anivorano Est",677.256713867188,0,0
"MG31306070a","Antsapanana",1256.7421875,0,0
"MG31306090","Andovoranto",369.213287353516,0,0
"MG31306110","Ambinaninony",843.658752441406,0,0
"MG31306130","Fetraomby",1052.98413085938,13,1
"MG31306150","Vohipeno Razanaka",597.8466796875,0,0
"MG31306171","Ranomafana Est",1738.85070800781,0,0
"MG31306172","Ampasimbe",890.001892089844,0,0
"MG31306190","Fanasana",394.891632080078,0,0
"MG31306210","Ambalarondra",940.86181640625,0,0
"MG31306230","Maroseranana",2368.51123046875,0,0
"MG31306251","Lohariandava",1537.8232421875,0,0
"MG31306252","Andekaleka",513.556579589844,7,1
"MG31306270","Ambohimanana",1463.76672363281,0,0
"MG31306290","Anjahamana",800.061462402344,9,1
"MG31307010","Vatomandry",520.683898925781,0,0
"MG31307030","Ambodivoananto",540.815063476562,0,0
"MG31307051","Maintinandry",540.744262695312,0,0
"MG31307052","Tanambao Vahatrakaka",156.73161315918,0,0
"MG31307053","Tsarasambo",386.049987792969,0,0
"MG31307070","Sahamatevina",370.053344726562,0,0
"MG31307091","Antanambao Mahatsara",969.303039550781,15,1
"MG31307092","Iamborano",350.561584472656,0,0
"MG31307110","Ambalavolo",486.453338623047,0,0
"MG31307131","Amboditavolo",452.388977050781,0,0
"MG31307132","Niherenana",404.41015625,0,0
"MG31307151","Ilaka Est",1506.03833007812,7,1
"MG31307152","Niarovana Caroline",1489.77307128906,0,0
"MG31307171","Tsivangiana",868.506652832031,0,0
"MG31307172","Ampasimazava",650.777099609375,0,0
"MG31307190","Ampasimadinika",648.612426757812,0,0
"MG31307210","Ifasina I",1245.91064453125,0,0
"MG31307230","Ambalabe",249.456344604492,0,0
"MG31307250","Ifasina II",655.325805664062,0,0
"MG31308011","Mahanoro",2661.82421875,5,1
"MG31308012","Betsizaraina",1331.69396972656,0,0
"MG31308030","Tsaravinany",3646.42895507812,7,1
"MG31308050a","Andranambomaro",881.303894042969,0,0
"MG31308070","Manjakandriana",2607.36987304688,0,0
"MG31308090","Masomeloka",1487.30139160156,0,0
"MG31308110","Ambinanidilana",2591.46850585938,0,0
"MG31308130","Ambodibonara",2265.13208007812,0,0
"MG31308150","Ankazotsifantatra",1055.78344726562,0,0
"MG31308170","Ambinanindrano",2499.15502929688,22,2
"MG31308190","Befotaka",1668.87316894531,9,1
"MG31309010","Marolambo",2834.45385742188,18,1
"MG31309031","Betampona",1708.51184082031,0,0
"MG31309032","Tanambao Rabemanana",555.544250488281,0,0
"MG31309050","Andonabe Sud",653.083679199219,0,0
"MG31309071","Ambalapaiso II",278.207672119141,0,0
"MG31309072","Ambodivoangy",1354.43359375,0,0
"MG31309090","Ambohimilanja",1540.47033691406,0,0
"MG31309110","Ambatofisaka II",955.875183105469,9,1
"MG31309131","Androrangavola",877.713195800781,0,0
"MG31309132","Anosiarivo I",805.220703125,0,0
"MG31309150","Amboasary",737.706726074219,0,0
"MG31309170","Lohavanana",540.693908691406,0,0
"MG31309191","Ambodinonoka",1734.12963867188,0,0
"MG31309192","Sahakevo",1727.537109375,0,0
"MG31310010","Toamasina Suburbaine",17800.9453125,7,1
"MG31310030","Antetezambaro",25717.39453125,0,0
"MG31310050","Fanandrana",1985.99377441406,0,0
"MG31310070","Ambodiriana",1976.0615234375,0,0
"MG31310091","Ampasimadinika Manambolo",1174.34655761719,0,0
"MG31310092","Amboditandroroho",2059.73217773438,0,0
"MG31310110","Mahavelona (Foulpointe)",3590.96875,0,0
"MG31310130","Sahambala",1982.60144042969,11,1
"MG31310150","Ambodilazana",1215.51171875,0,0
"MG31310170","Ampasimbe Onibe",2645.58740234375,10,1
"MG31310191","Mangabe",1458.68115234375,0,0
"MG31310192","Amporoforo",1266.70520019531,0,0
"MG31310193","Antenina",1888.95776367188,0,0
"MG31310211","Andondabe",2832.01220703125,8,1
"MG31310212","Ampisokina",1066.45190429688,0,0
"MG31310230","Andranobolaha",927.272399902344,10,1
"MG31310250","Fito",959.748168945312,0,0
"MG31311010","Antanambao Manampontsy",1384.82690429688,13,1
"MG31311030a","Manaratsandry",818.639892578125,0,0
"MG31311050","Saivaza",595.837097167969,0,0
"MG31311070","Antanandehibe",762.9033203125,0,0
"MG31311090","Manakana",523.364807128906,0,0
"MG32302019","Sainte Marie",5460.1689453125,14,1
"MG32303010","Maroantsetra",3036.02026367188,2,1
"MG32303031a","Sahasindro",898.880554199219,0,0
"MG32303032","Manambolo",2459.06665039062,0,0
"MG32303051","Andranofotsy",849.534545898438,0,0
"MG32303052","Antakotako",1665.99829101562,5,1
"MG32303070","Ankofa",1386.20446777344,0,0
"MG32303090","Ambinanitelo",6173.5478515625,0,0
"MG32303111","Anjahana",1656.31701660156,0,0
"MG32303112","Ambanizana",1942.3515625,0,0
"MG32303113","Mahalevona",2072.70532226562,5,1
"MG32303131","Voloina",1247.59875488281,0,0
"MG32303132","Ankofabe",1121.47705078125,0,0
"MG32303133","Antsirabe Sahatany",755.431823730469,0,0
"MG32303151","Rantabe",643.167175292969,9,1
"MG32303152","Morafeno",541.082397460938,0,0
"MG32303153","Androndrono",3847.87890625,0,0
"MG32303154","Ambodimanga Rantabe",478.231018066406,0,0
"MG32303155","Anandrivola",1245.349609375,0,0
"MG32304011a","Analampotsy",3639.94140625,10,1
"MG32304012","Ambodivoanio",1759.04760742188,7,1
"MG32304013","Imorona",949.969482421875,0,0
"MG32304031","Antanambaobe",1403.20239257812,0,0
"MG32304032","Antanananivo",994.766906738281,0,0
"MG32304050","Manambolosy",4040.060546875,0,0
"MG32304070","Ambodiampana",1511.96020507812,7,1
"MG32304091","Sandrakatsy",1594.59887695312,6,1
"MG32304092","Tanibe",4195.1220703125,0,0
"MG32304093","Ambatoharanana",2456.16162109375,0,0
"MG32318012","Fotsialanana",1147.50537109375,0,0
"MG32318030","Antanifotsy",777.239929199219,0,0
"MG32318050","Ambodiampana",322.113525390625,0,0
"MG41405052","Andranofasika",1641.75903320312,0,0
"MG41405070","Madirovalo",10769.8466796875,0,0
"MG41405090","Anjiajia",4278.58251953125,11,1
"MG42409091a","Ambatomilahatrano",3100.71704101562,0,0
"MG42409092","Amparihy",2749.33618164062,0,0
"MG42409111","Leanja",7732.39990234375,6,1
"MG42409150","Marovato",2829.84326171875,0,0
"MG42409171","Ambodimahabibo",1610.31665039062,0,0
"MG42409172","Ambodivongo",1672.90869140625,0,0
"MG44402011","Besalampy",2251.92895507812,9,1
"MG44402012","Ampako",867.799133300781,20,1
"MG44402030","Marovoay Sud",2897.02319335938,0,0
"MG51503091","Mandronarivo",202.785202026367,0,0
"MG51503092","Tanamary",343.870788574219,0,0
"MG51503093","Sakena",161.329391479492,0,0
"MG51504130","Antanimieva",1682.71923828125,0,0
"MG51504150","Basibasy",3148.29833984375,18,1
"MG51505011","Ankazoabo Sud",5075.48828125,7,1
"MG32304110","Antanambe",2681.228515625,13,1
"MG32304130","Saromaona",3851.921875,0,0
"MG32304151a","Mahanoro",3644.65063476562,0,0
"MG32304152","Andasibe I",1146.22668457031,13,1
"MG32305010","Fenerive Est",1676.26721191406,7,1
"MG32305030","Ambodimanga II",2438.646484375,0,0
"MG32305050","Mahambo",6356.603515625,8,1
"MG32305070","Ampasina Maningory",3389.86987304688,14,1
"MG32305090","Ambatoharanana",1294.43981933594,0,0
"MG32305110","Vohilengo",1706.78979492188,17,1
"MG32305130","Saranambana",5513.82958984375,0,0
"MG32305150","Ampasimbe Manantsatrana",1900.90100097656,0,0
"MG32305170","Miorimivalana",5423.037109375,0,0
"MG32305190","Vohipeno",5978.2041015625,22,1
"MG32305210","Antsiatsiaka",7705.521484375,13,1
"MG32305238","Mahanoro",325.818298339844,0,0
"MG32315010","Vavatenina",1603.00061035156,4,1
"MG32315030","Maromitety",1245.85986328125,0,0
"MG32315050","Ambohibe",2809.96459960938,7,1
"MG32315070","Ampasimazava",443.807891845703,0,0
"MG32315091","Anjahambe",1048.07385253906,0,0
"MG32315092","Ambatoharanana",826.6826171875,0,0
"MG32315110","Andasibe",4959.30517578125,9,1
"MG32315130","Miarinarivo",3715.6728515625,0,0
"MG32315150","Sahatavy",1594.34741210938,0,0
"MG32315170","Ambodimangavalo",2064.38208007812,0,0
"MG32318011","Soanierana Ivongo",2370.59448242188,9,1
"MG32318070","Andapafito",6249.4814453125,0,0
"MG32318090","Ambahoabe",3367.03295898438,9,1
"MG32318110","Manompana",1343.33483886719,14,1
"MG32318130","Antenina",5402.72607421875,0,0
"MG33312011","Amparafaravola",4966.4013671875,3,1
"MG33312012","Bedidy",799.584106445312,0,0
"MG33312013","Ambohimandroso",1099.17260742188,8,1
"MG33312014","Sahamamy",2870.16186523438,0,0
"MG33312031","Ambatomainty",1049.24926757812,0,0
"MG33312032","Ampasikely",636.114074707031,0,0
"MG33312033","Andrebakely Sud",915.7802734375,0,0
"MG33312051","Ambohitrarivo",2370.24951171875,0,0
"MG33312052","Anororo",1780.90148925781,8,1
"MG33312071","Morarano Chrome",5667.2392578125,4,1
"MG33312072","Ranomainty",387.898803710938,8,1
"MG33312090","Ambohijanahary",3133.8291015625,0,0
"MG33312111","Tanambe",1799.93835449219,0,0
"MG33312112","Beanana",1670.14221191406,0,0
"MG33312113","Vohitsara",950.82861328125,0,0
"MG33312131","Amboavory",3380.71606445312,7,1
"MG33312132","Andilana Nord",1511.84631347656,0,0
"MG33312133","Ambodimanga",794.901733398438,7,1
"MG33312151","Vohimena",2620.19287109375,0,0
"MG33312152","Andrebakely Nord",5040.2412109375,11,1
"MG33313010","Ambatondrazaka",883.14794921875,8,1
"MG33313031","Feramanga Nord",3572.12915039062,8,2
"MG33313032","Ambatondrazaka Suburbaine",854.06689453125,0,0
"MG33313033","Ambandrika",417.588165283203,0,0
"MG33313050","Ampitatsimo",246.669082641602,0,0
"MG33313070","Ambohitsilaozana",7984.29541015625,13,1
"MG33313090","Ilafy",608.581298828125,0,0
"MG33313111","Manakambahiny Andrefana",563.788024902344,6,1
"MG33313112","Antsangasanga",105.214096069336,0,0
"MG33313130a","Ambohidava",3328.43334960938,0,0
"MG33313151","Andilanatoby",864.278198242188,5,1
"MG33313152","Bejofo",361.208770751953,0,0
"MG33313170","Didy",9950.1865234375,13,1
"MG33313191","Imerimandroso",2927.17456054688,0,0
"MG33313192","Amparihintsokatra",4084.47509765625,0,0
"MG33313193","Antanandava",2939.38525390625,14,1
"MG33313194","Andromba",2012.6259765625,0,0
"MG33313210","Manakambahiny Antsinanana",5751.119140625,0,0
"MG33313231","Soalazaina",331.273254394531,0,0
"MG33313232","Tanambao Besakay",695.174011230469,14,1
"MG33314010","Moramanga",230.470077514648,8,1
"MG33314030","Ambohibary",5589.4345703125,7,1
"MG33314050","Ampasimpotsy Gara",223.261917114258,0,0
"MG33314070","Andasibe",486.094055175781,0,0
"MG33314091","Anosibe Ifody",713.526062011719,0,0
"MG33314092","Vodiriana",508.955017089844,0,0
"MG33314110","Morarano Gara",3642.57885742188,11,1
"MG33314130","Belavabary",507.943969726562,0,0
"MG33314150","Sabotsy Anjiro",1418.16955566406,5,1
"MG33314170","Ambohidronono",2651.65209960938,0,0
"MG33314190","Beforona",2883.54907226562,7,1
"MG33314210","Ambatovola",1268.51232910156,0,0
"MG33314230","Lakato",2573.4599609375,0,0
"MG33314250a","Amboasary",2516.984375,0,0
"MG33314270","Fierenana",3416.53466796875,0,0
"MG33314291","Mandialaza",1155.97497558594,0,0
"MG33314292","Antaniditra",1001.10144042969,0,0
"MG33314293","Ampasipotsy Mandialaza",506.774841308594,0,0
"MG33314310","Antanandava",793.880981445312,0,0
"MG33314330","Mangarivotra",674.228759765625,9,1
"MG33314350","Andaingo",3179.95874023438,0,0
"MG33316011","Andilamena",5749.05126953125,8,1
"MG33316012","Bemaitso",2791.83325195312,0,0
"MG33316031","Antanimenabaka",2591.50219726562,0,0
"MG33316032","Tanananifololahy",364.649932861328,0,0
"MG33316051","Maroadabo",576.548767089844,0,0
"MG33316052","Marovato",1641.5810546875,11,1
"MG33316071","Miarinarivo",1157.12866210938,0,0
"MG33316072","Maitsokely",1425.04895019531,0,0
"MG33317011","Anosibe An'ala",1589.22265625,9,1
"MG33317012","Ampasimaneva",439.109558105469,0,0
"MG33317031","Ampandroantraka",843.006469726562,0,0
"MG33317032","Tratramarina",634.337707519531,0,0
"MG33317051","Antandrokomby",1436.97900390625,14,1
"MG33317052","Ambalaomby",1065.08776855469,0,0
"MG33317053","Niarovana Marosampanana",408.814483642578,0,0
"MG33317054","Tsaravinany",670.074096679688,0,0
"MG33317071","Longozabe",1567.8359375,0,0
"MG33317072","Ambatoharanana",677.985900878906,0,0
"MG41401001","Mahajanga",2755.33666992188,16,3
"MG41401002","Mahabibo",11217.025390625,26,4
"MG41403010a","Antsakoamileka",2252.94580078125,0,0
"MG41403030","Ambohipaky",3333.43383789062,0,0
"MG41403050","Andranomavo",7617.224609375,0,0
"MG41405019a","Ambesisika",2555.12280273438,0,0
"MG41405051","Ankijabe",6664.86474609375,8,1
"MG41405111","Tsaramandroso",3688.3076171875,20,2
"MG41405112","Ambondromamy",3983.93823242188,0,0
"MG41405130","Ankirihitra",2656.939453125,9,1
"MG41405150","Andranomamy",5266.451171875,0,0
"MG41405170","Manerinerina",5151.40380859375,0,0
"MG41405190","Sitampiky",7831.85986328125,10,1
"MG41406010","Marovoay Ville",2306.39721679688,16,2
"MG41406031","Marovoay Banlieue",7366.38623046875,0,0
"MG41406032","Antanambao Andranolava",920.70556640625,7,1
"MG41406033","Anosinalainolona",1770.20434570312,0,0
"MG41406051","Ambolomoty",475.193359375,0,0
"MG41406052","Marovoay",2994.82958984375,0,0
"MG41406070","Tsararano",566.97509765625,0,0
"MG41406090","Ankazomborona",9615.947265625,8,1
"MG41406111a","Ankaboka",785.793884277344,0,0
"MG41406112","Antanimasaka",1762.26794433594,0,0
"MG41406130","Bemaharivo",3044.46020507812,12,1
"MG41406158","Ankaraobato",1912.900390625,0,0
"MG41407011","Mitsinjo",1005.66864013672,0,0
"MG41407012","Antseza",741.497192382812,14,1
"MG41407030","Antongomena Bevary",1272.70861816406,0,0
"MG41407050","Matsakabanja",2512.79321289062,6,1
"MG41407070","Katsepy",582.909729003906,0,0
"MG41407091","Bekipay",943.136291503906,0,0
"MG41407092","Ambarimaninga",1291.09680175781,0,0
"MG41415011","Belobaka",16039.88671875,0,0
"MG41415012","Boanamary",23529.267578125,0,0
"MG41415031","Ambalakida",2370.9560546875,0,0
"MG41415032","Betsako",950.607727050781,0,0
"MG41415050","Mariarano",3538.72705078125,0,0
"MG41415071","Bekobay",1261.76794433594,0,0
"MG41415072","Andranoboka",2017.3818359375,0,0
"MG41415091","Mahajamba Usine",1891.3486328125,9,1
"MG41415092","Ambalabe Befanjava",996.593017578125,6,1
"MG42409010","Port Berge",3042.76904296875,0,0
"MG42409031","Ambanjabe",1437.64379882812,0,0
"MG42409032","Tsaratanana I",2732.5849609375,10,1
"MG42409050","Tsarahasina",4636.6298828125,7,1
"MG42409070","Tsiningia",4928.861328125,7,1
"MG42409112","Ambodisakoana",2320.01586914062,0,0
"MG42409131","Tsinjomitondraka",4132.70361328125,0,0
"MG42409132","Maevaranohely",1734.15588378906,0,0
"MG42409190","Port Berge II",2849.51806640625,0,0
"MG42410010","Mandritsara",1568.36083984375,9,1
"MG42410030","Antanandava",1446.40417480469,7,1
"MG42410050","Antsoha",1019.17980957031,0,0
"MG42410070","Tsaratanana",1151.09948730469,0,0
"MG42410090","Kalandy",2035.41381835938,0,0
"MG42410111","Antsirabe Centre",1101.29406738281,0,0
"MG42410112","Antsiatsiaka",960.200866699219,0,0
"MG42410130","Amboaboa",539.675415039062,0,0
"MG42410150","Manampaneva",1104.34777832031,0,0
"MG42410171","Ambarikorano",707.406127929688,0,0
"MG42410172","Andratamarina",449.196472167969,0,0
"MG42410191","Ambaripaika",619.210754394531,9,1
"MG42410192","Ambodiamontana Kianga",699.958251953125,0,0
"MG42410211","Ambalakirajy",1940.20043945312,0,0
"MG42410212","Tsarajomoka",548.69189453125,0,0
"MG42410231","Antsatramidola",1469.56628417969,0,0
"MG42410232","Ankiakabe-Fonoko",546.357482910156,0,0
"MG42410250","Marotandrano",2196.9462890625,0,0
"MG42410270","Ambilombe",555.06298828125,6,1
"MG42410290","Andohajango",3044.52709960938,10,1
"MG42410310","Anjiabe",934.854370117188,0,0
"MG42410330","Ambohisoa",2134.59887695312,0,0
"MG42410350","Ampatakamaroreny",2526.49829101562,0,0
"MG42410371","Ankiabe-Salohy",3300.27368164062,0,0
"MG42410372","Pont Sofia",1095.32763671875,0,0
"MG42410391","Ambodiadabo",1132.43249511719,0,0
"MG42410392","Amborondolo",627.967956542969,0,0
"MG42410410","Antanambaon'amberina",2986.66943359375,0,0
"MG42411011","Analalava",1610.83093261719,4,1
"MG42411012","Ambarijeby Sud",547.290893554688,0,0
"MG42411030","Ambolobozo",2675.595703125,0,0
"MG42411050","Befotaka Nord",3300.94873046875,0,0
"MG42411070","Ambaliha",2590.80541992188,0,0
"MG42411090a","Bejofo",2639.71044921875,0,0
"MG42411110","Marovatolena",2422.5810546875,0,0
"MG42411131","Andribavontsona",1090.88977050781,0,0
"MG42411132","Angoaka Sud",1004.28302001953,0,0
"MG42411150","Marovantaza",1194.32983398438,0,0
"MG42411170","Ankaramy",2831.9658203125,4,1
"MG42411190","Antonibe",5016.2509765625,0,0
"MG42411210","Mahadrodroka",1418.19128417969,2,1
"MG42412010","Befandriana Nord",1398.65698242188,4,1
"MG42412030a","Ambodimotso Haut",2682.06372070312,0,0
"MG42412050","Ambodimotso Sud",2298.02905273438,7,1
"MG42412070","Tsiamalao",4185.1103515625,0,0
"MG42412090","Maroamalona",2002.69348144531,0,0
"MG42412110","Tsarahonenana",4772.5830078125,10,1
"MG42412130","Antsakanalabe",2374.61669921875,0,0
"MG42412150","Ambararata",2813.921875,0,0
"MG42412170","Ambolidibe Est",4527.90576171875,6,1
"MG42412190","Ankarongana",3645.66040039062,0,0
"MG42412210","Antsakabary",3937.93359375,13,1
"MG42412230a","Belalona",4193.37060546875,0,0
"MG42413010","Antsohihy",2057.01928710938,0,0
"MG42413030","Ankerika",1563.67663574219,0,0
"MG42413051","Ampandriankilandy",2487.54516601562,0,0
"MG42413052","Anjalazala",960.861572265625,6,1
"MG42413070","Anahidrano",792.487487792969,0,0
"MG42413090","Ambodimandresy",1867.08972167969,0,0
"MG42413110","Anjiamangirana",2084.87133789062,0,0
"MG42413130","Ambodimanary",2763.03076171875,0,0
"MG42413150","Antsahabe",2826.76806640625,0,0
"MG42413171","Ambodimadiro",1533.22009277344,0,0
"MG42413172","Andreba",766.51904296875,5,1
"MG42413190","Maroala",554.976440429688,0,0
"MG42414010","Bealanana",2629.158203125,0,0
"MG42414031","Beandrarezona",2943.19653320312,0,0
"MG42414032","Antananivo Haut",781.492492675781,0,0
"MG42414050","Antsamaka",1080.99157714844,13,1
"MG42414071","Ambatosia",2066.89135742188,0,0
"MG42414072","Ambodiampana",991.261779785156,0,0
"MG42414090","Ambatoriha Est",782.336791992188,0,0
"MG42414110","Ambovonomby",753.130126953125,8,1
"MG42414131","Analila",593.2265625,0,0
"MG42414132","Anjozoromadosy",1079.19482421875,0,0
"MG42414151","Mangindrano",2031.70373535156,0,0
"MG42414152","Ambararatabe Nord",1313.05847167969,0,0
"MG42414171a","Ambohimisondrotra",1559.21887207031,0,0
"MG42414172","Ambararata Sofia",727.92236328125,0,0
"MG42414190","Marotolana",1760.91430664062,11,1
"MG42414211","Ambodiadabo M",1435.67395019531,0,0
"MG42414212","Ankazotokana",990.460205078125,0,0
"MG42414213","Ambalaromba",859.113586425781,0,0
"MG42423010","Mampikony I",708.301879882812,3,1
"MG42423030","Mampikony II",7373.93408203125,0,0
"MG42423051","Ambohitoaka",2891.5703125,13,1
"MG42423052","Ankiririky",852.317138671875,0,0
"MG42423071","Bekoratsaka",6091.65234375,3,1
"MG42423072","Malakialina",3006.11010742188,0,0
"MG42423073","Betaramahamay",1562.79638671875,0,0
"MG42423090","Komajia",1424.25439453125,0,0
"MG42423111","Ampasimatera",2055.24365234375,0,0
"MG42423112a","Agnovolava Nord",1087.02380371094,0,0
"MG43404010","Maevatanana I",3269.51806640625,9,2
"MG43404031","Maevatanana II",2329.25561523438,14,2
"MG43404032","Beratsimanina",605.10791015625,0,0
"MG43404050","Bemokotra",673.408874511719,0,0
"MG43404070","Mahazoma",1875.7939453125,15,2
"MG43404091","Antsiafabositra",2282.42553710938,0,0
"MG43404092","Antanimbary",869.496765136719,3,1
"MG43404111","Tsararano",1388.111328125,21,2
"MG43404112","Ambalajia",713.462524414062,0,0
"MG43404131","Ambalanjanakomby",1001.10638427734,0,0
"MG43404132","Marokoro",549.389587402344,14,1
"MG43404150","Maria",1531.09484863281,5,1
"MG43404171","Andriba",2788.41821289062,8,1
"MG43404172","Mahatsinjo",1916.36401367188,11,1
"MG43404173","Morafeno",817.696166992188,10,1
"MG43404191","Mangabe",2023.50415039062,6,1
"MG43404192","Madiromirafy",677.927368164062,0,0
"MG43408010","Tsaratanana",1793.94458007812,30,3
"MG43408030","Bekapaika",1904.57568359375,0,0
"MG43408050","Tsararova",1375.787109375,5,1
"MG43408070","Betrandraka",780.472839355469,0,0
"MG43408090","Keliloha",606.186340332031,0,0
"MG43408110","Sarobaratra",2569.10668945312,0,0
"MG43408130","Ampandrana",389.016937255859,0,0
"MG43408150","Andriamena",2964.51342773438,7,1
"MG43408170","Ambakireny",2708.06005859375,26,2
"MG43408190","Brieville",2051.31396484375,8,1
"MG43408210","Sakoamadinika",1155.27478027344,7,1
"MG43408230","Manakana",750.3291015625,0,0
"MG43416011","Kandreho",724.839294433594,14,1
"MG43416012","Ambaliha",723.177856445312,0,0
"MG43416013","Behazomaty",422.000762939453,0,0
"MG43416030","Antanimbaribe",1236.61584472656,0,0
"MG43416051","Betaimboay",1800.45837402344,0,0
"MG43416052","Andasibe",275.689117431641,7,1
"MG44402050","Soanenga",1584.83581542969,13,1
"MG44402071","Bekodoka",2873.08203125,16,1
"MG44402072","Ambolodia Sud",1700.09252929688,0,0
"MG44402090","Ankasakasa Tsibiray",2501.166015625,12,1
"MG44402110","Mahabe",3469.896484375,0,0
"MG44417011","Ambatomainty",1562.44592285156,7,1
"MG44417012","Bemarivo",1209.63195800781,11,1
"MG44417031a","Makaraingo",763.496520996094,0,0
"MG44417032","Marotsialeha",1227.50915527344,0,0
"MG44420010","Antsalova",4236.62841796875,18,2
"MG44420030","Soahany",1795.97497558594,0,0
"MG44420050","Masoarivo",2428.89501953125,7,1
"MG44420070","Trangahy",1471.86865234375,14,1
"MG44420090","Bekopaka",3766.5126953125,10,1
"MG44421010","Maintirano",2468.43969726562,16,3
"MG44421030","Mafaijijo",2002.73034667969,0,0
"MG44421050","Andabotoka",2714.50048828125,0,0
"MG44421070","Betanatanana",3770.5166015625,0,0
"MG44421090","Andrea",1640.10131835938,8,1
"MG44421110","Ankisatra",3489.79931640625,16,1
"MG44421130","Marohazo",1238.05212402344,0,0
"MG44421150","Antsondrodava",2066.23950195312,0,0
"MG44421170","Belitsaky",1197.08410644531,0,0
"MG44421191","Tambohorano",614.891845703125,1,1
"MG44421192","Veromanga",345.981567382812,0,0
"MG44421193","Maromavo",290.753448486328,0,0
"MG44421194","Andranovao",1017.75885009766,4,1
"MG44421210","Antsaidoha Bebao",2056.43212890625,7,1
"MG44421231","Berevo/ranobe",1078.78393554688,0,0
"MG44421232","Bebaboky Sud",2756.7548828125,0,0
"MG44421233","Bemokotra Sud",1020.23858642578,6,1
"MG44422010","Morafenobe",1560.71105957031,9,1
"MG44422030","Andramy",946.871459960938,0,0
"MG44422050","Beravina",720.931335449219,12,1
"MG51503011","Beroroha",2026.5986328125,0,0
"MG51503012","Bemavo",1288.98547363281,6,1
"MG51503030","Fanjakana",373.134704589844,0,0
"MG51503050","Behisatsy",801.180786132812,0,0
"MG51503070","Marerano",2081.76708984375,0,0
"MG51504010","Morombe",2262.89697265625,0,0
"MG51504030","Befandefa",1865.06872558594,0,0
"MG51504050","Ambahikily",3382.1767578125,3,1
"MG51504070","Antongo Vaovao",1036.57531738281,0,0
"MG51504090","Ankatsakantsa atsimo_Nosy Ambositra",2440.15625,0,0
"MG51504110","Befandriana Sud",3853.98022460938,9,1
"MG51505012","Fotivolo",744.140441894531,0,0
"MG51505030","Tandrano",2619.35571289062,0,0
"MG51505050a","Ambatolahy",384.829742431641,0,0
"MG51505071","Berenty",2504.51049804688,0,0
"MG51505072","Ilemby",784.325500488281,0,0
"MG51521010","Benenitra",1975.09643554688,0,0
"MG51521031a","Benonoky",1223.63610839844,0,0
"MG51521032","Ambalavato",1307.05212402344,0,0
"MG51521050","Ehara",2009.6904296875,8,1
"MG54502010","Manja",2560.39624023438,12,1
"MG54502030a","Beharona",1047.8916015625,0,0
"MG54502050","Anontsibe Centre",931.466735839844,0,0
"MG54502070","Soaserana",1956.19262695312,5,1
"MG54502090","Ankiliabo",2578.34521484375,12,1
"MG54502110","Andranopasy",1197.66223144531,16,1
"MG54508010","Morondava",7390.0244140625,20,3
"MG54508059a","Marofandilia",1160.70043945312,0,0
"MG54508079","Analaiva",7316.04345703125,0,0
"MG54508159","Befasy",4296.80517578125,8,1
"MG54508179","Belo Sur Mer",2141.904296875,0,0
"MG54509010","Mahabo",991.733642578125,7,1
"MG54509030","Ankilivalo",730.59619140625,13,1
"MG54509051","Analamitsivalana",359.960327148438,0,0
"MG54509052","Befotaka",1681.39526367188,12,1
"MG54509070","Ampanihy",2657.296875,9,1
"MG54509091","Ankilizato",4090.62744140625,8,1
"MG54509092","Ambia",1862.31103515625,0,0
"MG54509110","Mandabe",3613.82983398438,0,0
"MG54509130","Malaimbandy",7024.38037109375,10,1
"MG54509150","Beronono",798.635009765625,6,1
"MG54509170","Mazavasoa",863.976135253906,0,0
"MG54510011","Belo Sur Tsiribihina",4403.5537109375,15,1
"MG54510012","Andimaky Manambolo",3154.2294921875,0,0
"MG54510013","Bemarivo Ankirondro",2171.8427734375,0,0
"MG54510031","Tsimafana",2840.427734375,8,1
"MG54510032","Beroboka Nord",619.817260742188,0,0
"MG54510050","Tsaraotana",2278.15502929688,0,0
"MG54510070","Masoarivo",4849.0234375,11,1
"MG54510090","Aboalimena",3512.92333984375,10,1
"MG54510111","Ankalalobe",7367.6044921875,0,0
"MG54510112","Ambiky",2280.80541992188,0,0
"MG54510131","Berevo",1590.75463867188,0,0
"MG54510132","Antsoha",3115.86108398438,0,0
"MG54510151","Belinta",4616.20068359375,0,0
"MG54510152","Ankiroroky",3262.53588867188,10,1
"MG54511011","Miandrivazo",533.123168945312,0,0
"MG54511012","Dabolava",4305.39697265625,0,0
"MG54511031","Bemahatazana",831.072631835938,0,0
"MG54511032","Ampanihy",223.025466918945,0,0
"MG54511033","Anosimena",294.05859375,0,0
"MG54511050","Manandaza",1193.16174316406,0,0
"MG54511071","Ankotrofotsy",2446.02954101562,0,0
"MG54511072","Isalo",985.3857421875,12,1
"MG54511091","Ambatolahy",3370.05297851562,5,1
"MG54511092","Manambina",2499.48803710938,0,0
"MG54511110","Itondy",2344.3505859375,0,0
"MG54511130","Ankavandra",2995.44482421875,0,0
"MG54511150","Soaloka",1607.05310058594,0,0
"MG54511170","Betsipolitra",773.403259277344,0,0
"MG54511210","Ankondromena",1816.15832519531,10,1
"MG71713010","Ramena",7482.5556640625,0,0
"MG71713031","Sakaramy",588.808959960938,0,0
"MG71713032","Antanamitarana",1638.79895019531,0,0
"MG71713033","Joffre Ville",183.045852661133,4,1
"MG71713050","Antsahampano",327.229309082031,0,0
"MG71713070","Mahavanona",7501.0712890625,0,0
"MG71713090","Mangaoka",324.41064453125,0,0
"MG71713110","Andrafiabe",990.676635742188,0,0
"MG71713130","Anketrakabe",478.612365722656,6,1
"MG71713151","Sadjoavato",901.578430175781,0,0
"MG71713152","Antsalaka",540.582702636719,0,0
"MG71713170","Andranovondronina",192.303192138672,4,1
"MG71713191","Andranofanjava",409.105621337891,0,0
"MG71713192","Mahalina",487.871002197266,0,0
"MG71713210","Ankarongana",2374.85473632812,0,0
"MG71713231","Anivorano Nord",4468.3017578125,4,1
"MG71713232","Antsoha",1087.64001464844,0,0
"MG71713251","Bobasakoa",455.1474609375,0,0
"MG71713252","Ambondrona",453.746704101562,0,0
"MG71713253","Bobakilandy",413.978485107422,0,0
"MG71713254","Mosorolava",723.465515136719,0,0
"MG71715009","Diego Suarez",4427.76416015625,25,4
"MG71717010","Ambilobe",1453.62609863281,19,2
"MG71717030","Mantaly",1997.30603027344,3,1
"MG71717050","Ampondralava",941.675964355469,0,0
"MG71717070","Tanambao Marivorahona",1404.62219238281,0,0
"MG71717090a","Antanabe",4921.16357421875,0,0
"MG71717110","Ambatoben'anjavy",1903.64501953125,0,0
"MG71717130","Antsaravibe",1852.48974609375,0,0
"MG71717150a","Sirama",1136.44262695312,14,2
"MG71717171","Anjiabe Ambony",621.70166015625,0,0
"MG71717172","Ambodibonara",1060.99157714844,0,0
"MG71717190","Beramanja",5280.6171875,5,1
"MG71717210","Betsiaka",2370.14526367188,4,1
"MG71717231","Ambarakaraka",2255.04760742188,10,1
"MG71717232","Anaborano Ifasy",1947.92761230469,0,0
"MG71717233","Manambato",6413.06982421875,0,0
"MG71718001","Hell-Ville",6637.455078125,11,2
"MG71718002","Ampangorina",427.414245605469,0,0
"MG71718003","Ambatozavavy",2818.16235351562,0,0
"MG71718004","Bemanondrobe",2835.67749023438,0,0
"MG71718005","Dzamandzar",5148.97802734375,15,2
"MG71719010","Ambanja",3839.35913085938,10,2
"MG71719030","Benavony",872.209228515625,0,0
"MG71719050","Ambohimena",914.362609863281,1,1
"MG71719070","Antsatsaka",655.1650390625,0,0
"MG71719091","Antranokarany",2599.11669921875,0,0
"MG71719092","Djangoa",1265.29760742188,5,1
"MG71719110","Antsakoamanondro",3375.77587890625,0,0
"MG71719130","Ambalahonko",427.8525390625,0,0
"MG71719150","Ankingameloka",230.834518432617,0,0
"MG71719171","Bemaneviky Haut Sambirano",799.488586425781,0,0
"MG71719172a","Antsahabe Centre",2542.1416015625,0,0
"MG71719173","Maevatanana",300.5185546875,0,0
"MG71719190","Antafiambotry",1156.46655273438,0,0
"MG71719210","Maherivaratra",1114.38671875,0,0
"MG71719231","Marovato",390.118560791016,0,0
"MG71719232","Ambohitrandriana",2718.20458984375,0,0
"MG71719233","Ambohimarina",447.810424804688,0,0
"MG71719250","Ambaliha",170.965515136719,7,1
"MG71719270","Marotolana",3270.1787109375,5,1
"MG71719290","Bemaneviky Ouest",603.75732421875,0,0
"MG71719310","Anorontsangana",2058.93115234375,5,1
"MG71719330","Antsirabe",563.528930664062,18,1
"MG71719350","Ankatafa",287.091705322266,0,0
"MG72710010","Antalaha Ambonivohitra",1427.28588867188,13,3
"MG72710030","Ampahana",615.521728515625,0,0
"MG72710050","Ampohibe",3953.83984375,0,0
"MG72710070","Antombana",3057.42333984375,8,1
"MG72710090","Antsahanoro",425.975189208984,0,0
"MG72710110","Antananambo",694.79833984375,0,0
"MG72710130a","Manakambahiny Ankavia",3297.89428710938,12,1
"MG72710151","Sarahandrano",314.505950927734,6,1
"MG72710152","Andampy",1280.36352539062,0,0
"MG72710170","Ambalabe",1980.26879882812,0,0
"MG72710190","Ambinanifaho",1131.30883789062,2,1
"MG72710210","Ambohitralanana",5032.89404296875,9,1
"MG72710230","Lanjarivo",932.94580078125,0,0
"MG72710250","Antsambalahy",808.681335449219,0,0
"MG72710271","Vinanivao",2250.90600585938,0,0
"MG72710272","Ampanavoana",2159.38403320312,0,0
"MG72711010","Sambava Cu",5216.60888671875,3,1
"MG72711059","Ambohimalaza",1621.02746582031,7,1
"MG72711079","Farahalana",3945.31494140625,5,1
"MG72711090","Nosiarina",1781.43627929688,0,0
"MG72711130","Ambodivoara",1330.12670898438,0,0
"MG72711150","Anjinjaomby",992.4296875,8,1
"MG72711170","Morafeno",1377.79345703125,0,0
"MG72711190","Analamaho",981.070678710938,0,0
"MG72711210","Ambohimitsinjo",887.616516113281,0,0
"MG72711230","Anjangoveratra",2360.12573242188,5,1
"MG72711250","Andratamarina",900.222717285156,0,0
"MG72711270","Marogaona",2218.71801757812,0,0
"MG72711290","Marojala",3920.5107421875,4,1
"MG72711310","Antsambaharo",1006.048828125,0,0
"MG72711330","Andrahanjo",1362.27600097656,0,0
"MG72711350","Bemanevika",717.549743652344,0,0
"MG72711371a","Andapabe",417.195159912109,0,0
"MG72711372","Andrembona",640.878784179688,0,0
"MG72711390","Antindra",1680.87390136719,4,2
"MG72711410","Ambodiampana",1907.91455078125,8,1
"MG72711430","Maroambihy",1302.59582519531,0,0
"MG72711450","Ambatoafo",277.952453613281,0,0
"MG72711470","Anjialava",373.43359375,0,0
"MG72711490","Tanambao Daoud",1241.08544921875,5,1
"MG72711510","Antsahavaribe",1485.12182617188,0,0
"MG72711530","Bevonotra",874.365844726562,10,1
"MG72712010","Andapa",1449.23010253906,3,1
"MG72712030","Tanandava",2992.26782226562,0,0
"MG72712050","Ankiakabe Nord",553.842163085938,0,0
"MG72712070","Belaoka Marovato",515.573669433594,0,0
"MG72712090","Ambodimanga I",2179.45532226562,0,0
"MG72712110","Marovato",688.436096191406,5,1
"MG72712130a","Ambalavelona",1020.53405761719,0,0
"MG72712150","Bealampona",2581.6484375,0,0
"MG72712170","Matsohely",335.064819335938,2,1
"MG72712190","Andranomena",415.670440673828,0,0
"MG72712210","Ambalamanasy II",1525.08410644531,0,0
"MG72712230a","Ambodidivaina",3095.39013671875,0,0
"MG72712250","Betsakotsako Andranotsara",264.459594726562,4,1
"MG72712270","Belaoka Lokoho",1028.66845703125,0,0
"MG72712290","Anoviara",1925.30151367188,6,1
"MG72712310","Doany",3981.19140625,2,1
"MG72712330","Anjialavabe",557.56591796875,0,0
"MG72712350","Antsahamena",1390.91760253906,0,0
"MG72716010","Vohemar",3125.8994140625,5,1
"MG72716030","Ampondra",4321.6171875,0,0
"MG72716050","Fanambana",5582.94384765625,5,1
"MG72716070","Milanoa",4600.38427734375,0,0
"MG72716090","Bobakindro",2491.00219726562,11,1
"MG72716110","Daraina",3117.94873046875,0,0
"MG72716130","Ambalasatrana",1067.73901367188,0,0
"MG72716150","Tsarabaria",3686.14086914062,0,0
"MG72716170","Nosibe",2289.70434570312,0,0
"MG72716190","Andravory",1516.28112792969,0,0
"MG72716210","Andrafainkona",2834.7568359375,10,1
"MG72716231","Ampanefena",2472.34521484375,8,1
"MG72716232","Ambodisambalahy",1673.40698242188,0,0
"MG72716250","Ambinanin'andravory",1623.01977539062,0,0
"MG72716270","Amboriala",1321.6552734375,0,0
"MG72716290","Maromokotra Loky",1447.08740234375,8,1
"MG72716310","Antsirabe Nord",4789.42529296875,10,1
"MG72716330","Ampisikinana",1401.31994628906,0,0
"MG72716350","Belambo",1511.34997558594,0,0
"MG25213050a","Vohilavan'i Manampatra",1063.56311035156,0,0
"MG51506012a","Beora",569.355773925781,0,0
"MG51506311","Belamoty",791.175476074219,0,0
"MG51506330a","Vohimary",571.0078125,0,0
"MG23207010a","Fanivelona",1452.75463867188,0,0
"MG51503050a","Tanandava",616.201232910156,0,0
"MG51504050a","Tanandava station",3722.39892578125,0,0
"MG51505050","Andranomafana",208.236907958984,0,0
"MG51505030a","Ankeriky",1608.68310546875,0,0
"MG51505071a","Ankilivalokely",626.442687988281,0,0
"MG53515230","Ampasimena",328.988891601562,0,0
"MG53517210a","Kelivaho",362.830261230469,0,0
"MG51520250","Manombo Sud",2247.12548828125,0,0
"MG51521031b","Ankilimary",758.601318359375,0,0
"MG51521031","Ianapera",858.972045898438,0,0
"MG23210233a","Ambohitrova",791.636047363281,0,0
"MG25214111a","Fonilaza",963.770324707031,0,0
"MG23212130","Nato",518.187744140625,0,0
"MG25215032","Bevaho",1613.921875,0,0
"MG31306070","Mahatsara",648.659118652344,8,1
"MG24221010a","Volambita",1039.35961914062,0,0
"MG25222051a","Inosy",2157.21020507812,0,0
"MG25222031a","Antokoboritelo",2864.84619140625,0,0
"MG23211032a","Tsifenokataka",837.078430175781,0,0
"MG41405019","Ambatoboeny",4203.75048828125,5,1
"MG23209070a","Tsarahafatra",1968.72497558594,0,0
"MG25217030b","Ambodirano",1239.849609375,0,0
"MG25214010a","Mahabo",319.082641601562,0,0
"MG23206170","Fasintsara",917.677429199219,0,0
"MG23211092","Ambohimisafy",956.629821777344,0,0
"MG23210090","Sorombo",2691.64697265625,0,0
"MG23212230a","Zafindrafady",1735.67028808594,0,0
"MG25217030a","Andoharano",1318.04736328125,0,0
"MG42423112","Ambodihazoambo",992.542053222656,0,0
"MG54502030","Betsioky",632.60986328125,0,0
"MG23209031","Tsaravary",1717.73425292969,0,0
"MG72711371","Amboangibe",883.645446777344,0,0
"MG72711390a","Mahasoa Antindra",615.578186035156,0,0
"MG11102379a","Ambohidrabiby",6445.66259765625,0,0
"MG11102079a","Anosy Avaratra",10240.3583984375,0,0
"MG11115071a","Anjoma Faliarivo",931.34375,0,0
"MG11115092","Tankafatra",1090.00769042969,0,0
"MG11107350a","Andranomisa",946.613952636719,10,1
"MG11104030a","Mangasoavina",541.296508789062,0,0
"MG11104150a","Andranomiely",840.242736816406,0,0
"MG14119010a","Andriampotsy",1076.41735839844,0,0
"MG14119031a","Mangatany",999.42919921875,0,0
"MG14111230a","Antsahalava",2375.23486328125,0,0
"MG14111290a","Fiadanantsoa",1017.07495117188,0,0
"MG13105190a","Talata Tsimadilo",958.350524902344,0,0
"MG13113011a","Ambohidanerana",1442.96801757812,0,0
"MG12110130a","Andriantsivalana",644.854919433594,0,0
"MG12114171a","Anjamanga",692.056884765625,0,0
"MG12114010a","Soamanadrariny",4029.06005859375,9,1
"MG12120010a","Maromandray",2517.37475585938,0,0
"MG71719172","Ambodimanga Ramena",2409.70849609375,0,0
"MG71717150","Antsohimbondrona",1006.05139160156,0,0
"MG71717090","Ambakirano",1450.60815429688,4,1
"MG71713151a","Antsakoabe",146.964645385742,4,1
"MG71713110a","Ambolobozobe",648.517761230469,0,0
"MG72712230","Ambodiangezoka",1606.60290527344,0,0
"MG72712130","Andrakata",664.255798339844,0,0
"MG72712210a","Andasibe Kobahina",470.6513671875,0,0
"MG72710130","Marofinaritra",2489.2998046875,0,0
"MG72710050a","Mahasoa Antindra",2636.64331054688,0,0
"MG21205130","Sendrisoa",1835.99267578125,0,0
"MG21205050","Iarintsena",4429.84912109375,0,0
"MG21220250a","Sahafata",1570.79907226562,0,0
"MG21220350a","Ampatsy Ampangabe",984.390686035156,0,0
"MG21220070a","Vinaninoro Andrefana",111.800796508789,0,0
"MG21225190a","Andreamalama",1355.47595214844,0,0
"MG21225170a","Ambalamidera Ambohimanana",706.068664550781,0,0
"MG21224130a","Lamosina",4578.9638671875,0,0
"MG21224050a","Anjanomanona Tsimanavaka",1692.86010742188,0,0
"MG22203290a","Ambohiperivoana",2463.41772460938,0,0
"MG22203492a","Ankazotsararavina",326.825408935547,0,0
"MG22204010a","Soanakambana",456.911743164062,0,0
"MG22204170","Mahazoarivo",1509.13732910156,0,0
"MG22223030a","Soatanana",231.594451904297,0,0
"MG22223171a","Ilanjana",625.160827636719,0,0
"MG24221030a","Andranombao",1377.60314941406,13,1
"MG24216231a","Andohan'Ilakaka",3355.93432617188,28,2
"MG24218030a","Kotipa",1474.53234863281,0,0
"MG24218010a","Antaramena",957.056274414062,12,1
"MG25215032a","Maliorano",813.710510253906,0,0
"MG25214270","Manambondro",459.477172851562,0,0
"MG23206071a","Ambiabe",406.596893310547,0,0
"MG41406111","Manaratsandry",1977.78759765625,11,2
"MG41403010","Soalala",1552.64440917969,0,0
"MG43416052a","Mahatsinjo",178.725479125977,0,0
"MG43404031a","Beanana",1041.28466796875,0,0
"MG43404131a","Berivotra 5/5",804.140380859375,9,1
"MG44417031","Sarodrano",855.613464355469,12,1
"MG44420010a","Bemaraha Antsinanana",698.684814453125,0,0
"MG44422030a","Antranokoaky",495.873992919922,5,1
"MG42411090","Maromandia",647.727355957031,0,0
"MG42411150a","Andrevorevo",972.953552246094,0,0
"MG42413190a","Ambalafamity",1042.33349609375,6,1
"MG42414171","Ambodisikidy",1545.36474609375,0,0
"MG42414211a","Antsiradava",928.882507324219,0,0
"MG42412230","Matsondakana",1982.82885742188,0,0
"MG42412030","Morafeno",2995.6240234375,0,0
"MG42410050a","Ambinany Fango",967.747985839844,0,0
"MG42409171a","Ihobaka",1248.49743652344,0,0
"MG42409091","Andranomeva",2330.79614257812,0,0
"MG42409070a","Andranomena I",1826.94482421875,0,0
"MG33313130","Ambatosoratra",2773.20874023438,0,0
"MG33313050a","Ambohiboromanga",191.10302734375,0,0
"MG33312090a","Andranobe",841.096740722656,0,0
"MG33312071a","Ambodirano",529.814086914062,0,0
"MG33316071a","Ampondrabe",370.38671875,0,0
"MG33317011a","Ambodimerana",292.338165283203,0,0
"MG33314350a","Bembary",3023.541015625,0,0
"MG33314250","Analasoa",1412.28149414062,12,1
"MG32305150a","Ambanjan'i Sahalava",877.6142578125,16,1
"MG32305030a","Betampona",1354.03210449219,17,1
"MG32304011","Mananara Avaratra",1142.39404296875,0,0
"MG32304151","Vanono",1434.90539550781,0,0
"MG32303090a","Mariharano",1671.2236328125,1,1
"MG32303031","Anjanazana",781.286499023438,0,0
"MG32318011a","Ambinanisakana",1180.76916503906,0,0
"MG32315010a","Tanamarina",606.287841796875,3,1
"MG31311030","Mahela",895.964172363281,0,0
"MG31308050","Ambodiharina",763.634460449219,0,0
"MG31309050a","Maromitety I",610.857482910156,10,1
"MG31310250a","Satrandroy",389.727294921875,0,0
"MG31307190a","Ambodivononoka Ranganana",1165.52331542969,0,0
"MG54510011a","Delta",1581.806640625,0,0
"MG54509030a","Bezezika",1225.70642089844,0,0
"MG54511011a","Andranomainty",1785.97729492188,14,1
"MG54508059","Bemanonga",7727.10107421875,22,2
